smiles	fid	tert_amine	proj_x	proj_y	sign_0	sign_1	sign_2	sign_3	sign_4	sign_5	sign_6	sign_7	sign_8	sign_9	smiles_valid	smiles_error	excel_row
C#CCCC1(CCC(=O)N2C3CCC2CC(O)(Cc2ccccc2)C3)N=N1	C001	0	-4.228494	-7.2768726	0	0	0.0908071007992538	0.0071433501082125	0.0018683685454668	0	0.0606872254327806	0.0112063639750629	0.099257896920046	0	1		2
C#CCCC1(CCC(=O)Nc2cc(S(N)(=O)=O)ccc2-n2cc(C)cn2)N=N1	C002	0	6.280334	-2.06531	0.0643148318362978	0	0.042562741585474	0	0.947716829723154	0	0	0	0.591702943878617	0	1		3
C#CCCC1(CCNC(=O)COc2ccc3c(C)c(C)c(=O)oc3c2C)N=N1	C003	0	-5.7494226	-10.303439	0	0	0	0	0.147349802122814	0.041484077442057	0	0.185311303029063	0.0089387619830882	0.0252765854356196	1		4
C#CCCC1(CCC(=O)N2CCc3ccsc3C2c2cscn2)N=N1	C004	0	-5.8181086	15.65294	0	0.47987333600067	0.0739840600496182	0	0	0	0.048472056158657	0	0.529247674023719	0	1		5
C#CCCC1(CCNC(=O)C2CCc3nnn(C4CCCC4)c3C2)N=N1	C006	0	-3.118028	13.006585	0	0.402287214619506	0	0	0.0259627914200169	0	0	0	0.114154527048156	0	1		6
C#CCCC1(CCC(=O)NC(C)c2cnc(C(F)(F)F)s2)N=N1	C007	0	-6.2741857	-1.8173903	0.0597562155631063	0	0.0456841980502785	0.171288990139101	0	0	0.0995885373819118	0	0	0	1		7
C#CCCC1(CCNC(=O)c2oc(C(C)(C)C)nc2C(F)F)N=N1	C008	0	-1.1485933	-1.9886726	0.0198177775877657	0	0.407173365606504	0.0618825795794563	0	0	0.201676271430209	0.0182267505513823	0.227399126791284	0	1		8
C#CCCC1(CCC(=O)NC(C(=O)N2CCCCC2)C(C)C)N=N1	C009	0	-1.4809291	-3.6289868	0.0259241692381646	0	0.0040240063596148	0.11325437174789	0.0475442636847589	0	0.0616994668594192	0	0.139800161823178	0	1		9
C#CCCC1(CCNC(=O)Cc2c(C(F)(F)F)coc2C)N=N1	C010	0	-8.134253	-2.74197	0	0	0.152297449268151	0.0685900695786665	0	0.010142146507411	0.129127368865567	0	0.0121754279099277	0	1		10
C#CCCC1(CCNC(=O)C2(c3ccccc3C#N)CCC2)N=N1	C011	0	-12.937629	-0.67111266	0.0205079017985875	0.302996117450766	0.494821272406356	0.0879953590566633	0	0	0.408535657590739	0.0381241913324153	0.0459785863569493	0	1		11
C#CCCC1(CCNC(=O)[C@H]2OCCO[C@H]2C(F)(F)F)N=N1	C012	0	7.108925	-14.122762	0	0	0.577548334755597	0.01694957182847	0	0	0.0233458038886228	0	0.0408118094260135	0	1		12
C#CCCC1(CCC(=O)N2CCOC(Cn3cncn3)C2)N=N1	C013	0	7.243536	-0.54190254	0.0175108900409867	0.334666554615161	0	0	0.838051829430186	0	0.0603746763338359	0	0.304127114712396	0	1		13
C#CCCC1(CCC(=O)NCCc2cn3c(n2)CCC3)N=N1	C014	0	7.3191223	-13.863774	0.0078816619542381	0	0.580565122054578	0	0	0	0.0171568355142983	0	0.0046143982396399	0	1		14
C#CCCC1(CCC(=O)NC2CC3CCC2N(C)C3)N=N1	C015	1	6.358302	-13.67182	0.0801439158419715	0	0.514126915857983	0	0	0	0	0.0151954275061395	0.191131435624451	0	1		15
C#CCCC1(CCC(=O)Nc2ccc3c(c2)nc(C)n3C2(CO)CCC2)N=N1	C017	0	3.1389425	-6.8511367	0.218627192210609	0.0187313685084856	0	0	0	0	0	0	0.725652113652284	0.243012076297018	1		16
C#CCCC1(CCC(=O)Nc2ccc(F)cc2Cn2ccsc2=O)N=N1	C018	0	-8.050225	-11.309514	0	0.0979028497795648	0.162043031610648	0.0814660458441645	0.006263368334485	0.0160290994994948	0	0.439002101426832	0.0786293344297645	0	1		17
C#CCCC1(CCC(=O)N(C)C2CS(=O)(=O)C23CCOCC3)N=N1	C020	0	-1.1958343	2.6591218	0.0150203139548653	0	0	0.401624706864637	0	0	0	0	0	0	1		18
C#CCCC1(CCNC(=O)c2sccc2NS(C)(=O)=O)N=N1	C021	0	-3.4591825	-0.82140803	0	0.113283740453773	0.0715762565864531	0.189623377894506	0.0138259405781282	0.0128498621594703	0	0.0577697355104942	0	0	1		19
C#CCCC1(CCNC(=O)C(C)(C)Oc2ccc(Cl)cc2)N=N1	C022	0	7.1624646	13.897322	0.376925225788468	0	0.202803687936505	0	0.0063867483530377	0.0124382997869813	0.622112782088435	0	0	0	1		20
C#CCCC1(CCC(=O)N2CCCC3(CCCCO3)C2C#N)N=N1	C023	0	16.59331	0.522116	0	0.180873253261158	0.0442621189143868	0.087620168892835	0	0.431308609782495	0	0	0.184732992465439	0	1		21
C#CCCC1(CCNC(=O)c2c(C)nn(CC(F)F)c2C)N=N1	C024	0	-0.27415133	-11.481906	0	0.0171799116310223	0.29863782225264	0.306360961226345	0.0195923151974993	0	0	0.173629706849694	0.136658837044398	0	1		22
C#CCCC1(CCC(=O)NCc2nnc(C(C)(C)C)s2)N=N1	C025	0	2.0388103	-6.220949	0.0228264298309244	0	0.0368428525713931	0	0	0	0.0027002269302824	0	0.386097065671883	0	1		23
C#CCCC1(CCC(=O)NC2c3cccc(F)c3OC2C)N=N1	C026	0	-12.130467	-0.8347926	0.103468970298945	0	0.284471798366385	0.0979013721388121	0	0	0.381688466173744	0	0	0	1		24
C#CCCC1(CCNC(=O)c2ccnc3nccnc23)N=N1	C027	0	-10.593714	-2.1169288	0.101790354653486	0.0188599600278165	0	0.0111802255692247	0.253842607897025	0	0.18075888056953	0	0	0	1		25
C#CCCC1(CCC(=O)N2CCCCC2c2nnc(CC(F)(F)F)o2)N=N1	C028	0	2.1375365	-1.8900272	0	0	0	0.231109609090079	0	0	0	0	0.398224014878222	0	1		26
C#CCCC1(CCNC(=O)C2CCN(Cc3ccccc3)CC2(F)F)N=N1	C029	1	-5.6639423	-4.38969	0.0072984451872941	0	0.0308741286065424	0.0785668107797203	0.0025678186386803	0.0195298150660349	0	0.0448882652716926	0.0294927665070089	0	1		27
C#CCCC1(CCC(=O)NC[C@H]2C[C@H](c3n[nH]c(=O)n3C)C[C@H]2O)N=N1	C030	0	-4.8560157	4.930139	0	0	0	0.389966544882411	0	0.0398025213983688	0	0.611428458510618	0	0	1		28
C#CCCC1(CCC(=O)NC2C3CC4CC2CC(NC(C)=O)(C4)C3)N=N1	C031	0	-4.2889442	5.0649824	0	0	0	0.775180630003443	0	0	0	0.493055873262661	0	0	1		29
C#CCCC1(CCC(=O)NCc2ccccc2S(=O)(=O)NC)N=N1	C032	0	6.817694	-0.116863616	0	0	0	0.0223068676980892	0.970034206056791	0	0	0	0	0	1		30
C#CCCC1(CCNC(=O)C2CC3(C)CCCN3S2(=O)=O)N=N1	C033	0	-1.2901685	3.8722112	0	0	0.0245045312777925	0.443523117244714	0.0012382516503747	0	0	0.110254871535655	0	0	1		31
C#CCCC1(CCC(=O)N2CCCN(CC(=O)NCC)CC2)N=N1	C034	1	-4.408819	5.179257	0	0	0	0.490915965435486	0	0	0	0.576225934599112	0	0	1		32
C#CCCC1(CCNC(=O)C(C)Cn2ccc3ccccc32)N=N1	C035	0	-4.4194775	5.1315126	0	0	0	0.611909907460733	0	0	0	0.531451180553319	0	0	1		33
C#CCCC1(CCNC(=O)C23CCC(N(C)C)(CC2)CC3)N=N1	C036	1	8.2924	-15.122802	0	0.0008182120378503	0.879105954251242	0	0	0.0001356060022891	0	0	0.0226290949736171	0	1		34
C#CCCC1(CCC(=O)NC2(CS(C)(=O)=O)COC2)N=N1	C037	0	14.740444	4.6252465	0	0.360893088352339	0.0150812052110354	0	0.154891965931419	0.221091914388105	0	0.082276543656409	0	0.109564595406316	1		35
C#CCCC1(CCC(=O)NC(CC(C)C)c2nc[nH]n2)N=N1	C038	0	-1.4996772	-6.750211	0	0.0216977170421463	0	0.0409096192015862	0.134875048914082	0.0091821906280624	0	0	0.167311916633613	0	1		36
C#CCCC1(CCC(=O)N2CCC3(CC2)CC3c2nnc(-c3cccc(F)c3)o2)N=N1	C039	0	-6.414752	15.157639	0.0843542965385008	0.495798704960778	0.014100460984362	0.0564426658449994	0	0.0293980485004042	0.225912490980248	0	0.489406758040548	0.0077973837765374	1		37
C#CCCC1(CCC(=O)Nc2cc(C)n(Cn3nc(C(F)(F)F)cc3C)n2)N=N1	C040	0	8.574079	10.456309	0.473338092190565	0	0	0	0.179752946501166	0	0	0	0.126907661548897	0.730734972961959	1		38
C#CCCC1(CCNC(=O)C2(S(=O)(=O)c3ccc(C)cc3)CCCC2)N=N1	C041	0	-2.105187	-10.546931	0.0385241137849021	0.0021265534567799	0.20987173934335	0	0.0218184719759501	0	0.0661663558836669	0.161275914628712	0.147832347462083	0	1		39
C#CCCC1(CCC(=O)N2CCCC(N3C(=O)CC4(CCCC4)C3=O)C2)N=N1	C042	0	0.1773456	0.17828979	0	0.0831854224046933	0	0.285582868994548	0	0.0133258225828909	0	0	0.166649189822082	0	1		40
C#CCCC1(CCC(=O)NC(C)c2cnn(-c3ccc(C#N)cc3)c2C)N=N1	C044	0	-5.0211897	13.854694	0	0.368785355753585	0.0132349132953578	0	0	0	0.0199454381986824	0	0.184671877724075	0	1		41
C#CCCC1(CCC(=O)NCC2(N3CCN(C(C)C)CC3)CCCC2)N=N1	C045	1	8.894186	-15.1213875	0	0	0.914274412927689	0	0.0012943166260201	0.0012762883383303	0	0	0	0	1		42
C#CCCC1(CCNC(=O)C2CS(=O)C3c4ccccc4C(=O)N23)N=N1	C046	0	-1.4160744	7.199075	0.0004224969430792	0.347664875313134	0	0.469325541653258	0	0.0185145118857976	0	0	0	0	1		43
C#CCCC1(CCC(=O)NCC(c2nnc3ccc(C)nn23)C(C)C)N=N1	C048	0	-4.024531	-3.693129	0	0.0167493493141503	0.0492011907951173	0.0294644530086057	0.0687672835974796	6.03786330797503e-05	0.0603631740771057	0.0027143995920535	0.0522631062187005	0.0117779799436557	1		44
C#CCCC1(CCC(=O)NC(C)c2oc3c(OC)cc(C)cc3c2C)N=N1	C049	0	8.357333	12.9262085	0.608402352610195	0.0136655747948291	0	0	0	0	0.179922826228873	0.44629854852806	0	0.140095947622512	1		45
C#CCCC1(CCC(=O)NC2(c3ccnc(S(C)(=O)=O)n3)CC2)N=N1	C050	0	-4.424504	-1.4055547	0	0	0	0.161166659792035	0.0322895546904954	0.0406349186881551	0	0.03150688938413	0.0109056060045819	0	1		46
C#CCCC1(CCC(=O)Nc2cccc(C(O)CC(F)(F)F)c2)N=N1	C051	0	5.6760454	0.8207238	0.0627875434835712	0	0.0381996884817706	0.0130493754618333	0.68323276240098	0	0.0113053485363472	0.0718621602566737	0.106222395917287	0	1		47
C#CCCC1(CCNC(=O)c2cc(-c3ccc4c(c3)CCO4)no2)N=N1	C052	0	-5.4361014	-12.090069	0.0415484598914275	0.0442647109891111	0	0	0.0216579982576917	0.0649441452300145	0	0.343182945151677	0.397892156425242	0	1		48
C#CCCC1(CCC(=O)N2CCc3ccc(Cl)c(Cl)c3C2)N=N1	C053	0	8.519747	12.974143	0.539614669180073	0.0198946795786754	0	0	0	0	0.288690942313439	0.563772962289762	0.133387892122714	0	1		49
C#CCCC1(CCC(=O)N2CC(NC(=O)NC(C)C)C(OC)C2)N=N1	C054	0	-2.0311465	2.672489	0.033795621491221	0	0	0.472245309656533	0	0.0191497595425087	0	0	0	0	1		50
C#CCCC1(CCC(=O)NCC(F)(F)c2[nH]nc3c2CCCC3)N=N1	C055	0	7.4818373	5.889795	0	0	0	0.0201450572665119	0.520305323610871	0	0.0181552092848807	0	0	1.11513286710395	1		51
C#CCCC1(CCNC(=O)c2c[nH]nc2-c2cc3ccccc3o2)N=N1	C056	0	7.8890195	7.4770765	0.0204596371660477	0	0	0	0	0	0	0	0	1.61495399790688	1		52
C#CCCC1(CCC(=O)NC[C@@H]2COC[C@H]2n2cc(CO)nn2)N=N1	C057	0	17.695274	0.60963434	0.0028518248040974	0.117635355867997	0	0	0.115261631463425	0.430615940731256	0	0.16347035726592	0	0	1		53
C#CCCC1(CCNC(=O)CC2(C(F)(F)F)CCC(=O)NC2)N=N1	C058	0	-2.7061672	-7.8210855	0	0	0	0.0349055260712069	0	0.0093865771943437	0	0.0846347935565716	0.103926839534948	0.0992597499803435	1		54
C#CCCC1(CCNC(=O)C23CC4(C)CC(C)(CC(O)(C4)C2)C3)N=N1	C059	0	-0.2637688	3.0270753	0	0	0	0.433386874420878	0	0	0	0.0426371892393502	0.0194491067079349	0	1		55
C#CCCC1(CCC(=O)NCC23CC4CC(C2)CC(OC)(C4)C3)N=N1	C060	0	1.6631178	-4.5441837	0.07706535947675	0	0.0489980706558251	0.0292313591100154	0	0	0.131230457406799	0	0.278165523321417	0	1		56
C#CCCC1(CCNC(=O)C(C)S(=O)(=O)C2CCOCC2)N=N1	C061	0	-2.8289475	-7.083087	0	0	0.0720256045803287	0	0.0340776213559789	0.028429244065235	0	0.0533875144971039	0.15298519127906	0	1		57
C#CCCC1(CCC(=O)N2CC3CC2C3c2ocnc2C(N)=O)N=N1	C062	0	14.710448	-0.3782547	0	0.28363461305343	0	0.502001367593934	0	0.34861457407996	0	0	0	0	1		58
C#CCCC1(CCNC(=O)[C@@H]2C[C@H]2c2nn(C)c3ccccc23)N=N1	C063	0	-10.899333	1.1295689	0	0.0269372040705637	0	0	0.0886039859070545	0.0039124323073096	0.655164386043672	0.0053686857666155	0.0425866766645866	0.104697176926467	1		59
C#CCCC1(CCNC(=O)Cn2nc(C(F)F)c3c2CCC3)N=N1	C064	0	-0.9987365	3.2482498	0	0	0.0371807915112363	0.378004253461806	0.0011242085145876	0	0	0.0484918675046498	0	0.0091876702312156	1		60
C#CCCC1(CCNC(=O)CNC(=O)c2cc(F)cc(F)c2)N=N1	C065	0	1.3084025	-0.32044902	0	0	0	0.385245152648154	0	0	0	0	0.225514204673038	0.0230756671041603	1		61
C#CCCC1(CCC(=O)N2[C@H](C(=O)N(C)C)C[C@@H]3OCC[C@@H]32)N=N1	C066	0	15.253846	-0.9545387	0	0	0	0.525053718079685	0	0.40287098028876	0	0.0342623593385375	0	0	1		62
C#CCCC1(CCNC(=O)C2CCC(OC(F)(F)F)CC2)N=N1	C067	0	7.942603	13.744164	0.521895413862345	0	0.059639940919856	0	0	0	0.491280577734433	0	0	0	1		63
C#CCCC1(CCC(=O)NC2CCN(C3CCCCC3)C2=O)N=N1	C068	0	1.0837165	-4.507139	0.051088240496362	0	0.0439741994771468	0	0	0	0.0728470780560117	0	0.247678902411911	0	1		64
C#CCCC1(CCC(=O)N2CC3CC2CC3(O)C(F)(F)F)N=N1	C069	0	1.1546485	-3.8075736	0.0644141987199334	0.0098556031259971	0	0.0997963585206802	0	0	0.145548400488994	0	0.133404166130689	0	1		65
C#CCCC1(CCNC(=O)c2sc(C3CC3)nc2C2CC2)N=N1	C070	0	-11.728466	2.2005236	0.0339551585019482	0	0.294063115046632	0	0.268275989901591	0	0.671786196305413	0.336995453668417	0	0	1		66
C#CCCC1(CCNC(=O)Cc2csc(-c3ccoc3)n2)N=N1	C071	0	-9.4408655	-2.441208	0	0	0.0540992280659752	0	0.201063188969018	0	0.16415782315172	0	0.0259791648257327	0	1		67
C#CCCC1(CCNC(=O)Cc2ccc(-n3cccc3)cc2)N=N1	C072	0	7.828387	12.046232	0.277327232494729	0	0.0527148449056201	0	0.20098720761008	0.0002548489381896	0.360517019738374	0	0	0.366828159249884	1		68
C#CCCC1(CCC(=O)N2C[C@H]3CN(C)CC[C@@]3(CO)C2)N=N1	C073	1	9.061973	-15.211493	0	0	0.890036639923361	0	0	0.0152610409275274	0.0125295817465854	0	0	0	1		69
C#CCCC1(CCC(=O)N2CCC(O)(c3c[nH]nn3)CC2)N=N1	C074	0	-2.2972546	-3.2135906	0	0.0134895364108643	0.0142316700151912	0.147659572241834	0.0120783475411173	0.0023017174010686	0.0361557911211997	0	0.057474575462786	0	1		70
C#CCCC1(CCC(=O)NC(C2CC2(C)C)C(F)(F)F)N=N1	C075	0	6.764997	-12.851478	0.10064364584306	0	0.33944370485639	0	0	0	0	0.034543972284087	0	0	1		71
C#CCCC1(CCC(=O)NCCNC(=O)c2cnccn2)N=N1	C076	0	-2.9847705	3.6710598	0	0	0	0.700125227901711	0	0	0	0.0202796683009876	0	0	1		72
C#CCCC1(CCC(=O)NCc2cc(O)n3nccc3n2)N=N1	C077	0	7.325784	0.3775868	0	0.206637054560349	0.173507999708208	0	1.11792679519918	0	0	0	0	0	1		73
C#CCCC1(CCNC(=O)c2nccc3ccn(C)c23)N=N1	C078	0	9.915885	-11.986371	0	0.523244672517203	0.610484934168472	0	0	0.0799145519833859	0	0.02945847990656	0	0	1		74
C#CCCC1(CCNC(=O)[C@H]2CC[C@@H](CN(C)C)O2)N=N1	C079	1	8.083941	-13.859302	0	0	0.693007799365268	0	0	0.0071448511755314	0	0.0084751008276391	0	0	1		75
C#CCCC1(CCC(=O)NCCn2cnnc2CC)N=N1	C080	0	-1.7490749	4.599619	0	0.0217194230017837	0	0.32757482270422	0	0	0	0.223856278659039	0	0	1		76
C#CCCC1(CCC(=O)N2CCOCC2c2c(C)nn(CC(F)(F)F)c2C)N=N1	C081	0	-1.4724118	2.0387602	0.0128242044090825	0.0656656111986316	0	0.425821749937912	0.0212969826302534	0.0486173217437427	0.0022434437513697	0	0.0408529110370394	0.0140655696521888	1		77
C#CCCC1(CCC(=O)Nc2cc(S(=O)(=O)N(CC)CC)cc(C)c2C)N=N1	C082	0	3.1402397	-7.59718	0.0761547039114888	0	0.0038541438304012	0	0	0	0.335818693306231	0.0322351980228418	0.539152495581532	0	1		78
C#CCCC1(CCNC(=O)C(c2ccccc2)n2sc3ccccc3c2=O)N=N1	C083	0	-1.6244428	-4.2977695	0.0008639001104514	0.0036416774528698	0.0186803385271017	0.0500931509025862	0.0605853790708482	0	0.0496344503206375	0.0171057710383719	0.0945992620420897	0	1		79
C#CCCC1(CCNC(=O)c2cccc(S(=O)(=O)N3CCNC(=O)C3)c2)N=N1	C084	0	16.20658	4.9865975	0	0.403469112229677	0	0	0.0204682920986532	0.209321125148844	0	0	0.530334369252088	0	1		80
C#CCCC1(CCNC(=O)CC23CC4CC(C2)CC(n2nnc(C)n2)(C4)C3)N=N1	C085	0	0.119945906	-0.27099308	0	0.0603145968096654	0.0196961978864509	0.249355520909629	0	0	0	0	0.166016091280744	0	1		81
C#CCCC1(CCC(=O)N2CCNC(=O)C2c2ccccc2C(F)(F)F)N=N1	C086	0	-3.7792175	0.3026434	0	0.13833154352152	0	0.254706591548122	0	0.0838850026844382	0	0.0347915587825344	0.118072383662465	0	1		82
C#CCCC1(CCNC(=O)c2nn(C)c3nc(-c4cn(C)nc4C)ccc23)N=N1	C087	0	-6.288177	-12.711998	0	0.39960671389574	0.0817959269276323	0.187644022242179	0	0.106692638106073	0	0.731040900803784	0.298814366057749	0	1		83
C#CCCC1(CCC(=O)NC2CCN(S(=O)(=O)C(C)C)CC2CC)N=N1	C088	0	1.6192423	-1.7062584	0	0	0	0.227770202596772	0	0	0	0	0.307850193793984	0	1		84
C#CCCC1(CCC(=O)N2Cc3cccnc3N3C[C@H](OCC)C[C@H]3C2)N=N1	C089	0	-3.3705945	16.29602	0	0.454381121932879	0	0.373342976750011	0	0	0	0.0155491379851915	0.327055541116143	0	1		85
C#CCCC1(CCC(=O)Nc2cc(F)cc(N3C[C@@H](C)O[C@@H](C)C3)c2)N=N1	C091	0	7.234623	8.285864	0.218034032814392	0	0	0.0027537332533397	0	0.0005577604128296	0.0376576435124469	0	0.0993007736409898	1.17928260191142	1		86
C#CCCC1(CCC(=O)Nc2ccn(Cc3cccc4ccccc34)n2)N=N1	C092	0	7.0120254	8.831724	0.416622725845456	0	0	0	0	0	0	0	0.149697822317178	0.871688922267521	1		87
C#CCCC1(CCC(=O)NC[C@]2(S(C)(=O)=O)C[C@@H]2C(F)(F)F)N=N1	C093	0	1.9044604	-4.48318	0.0364662573407274	0	0	0.0470274846876328	0.0397144721447068	0.001750439976955	0.143422007985634	0	0.261264685614967	0.0663153544578031	1		88
C#CCCC1(CCC(=O)NCc2ccc(C3(C(F)(F)F)N=N3)cc2)N=N1	C094	0	7.1847677	9.194551	0.376945558792968	0	0	0.0042294224680929	0	0	0	0	0	0.826529043418827	1		89
C#CCCC1(CCC(=O)Nc2n[nH]c3c2c(-c2ccccc2)nn3C)N=N1	C095	0	8.857325	12.583888	0.592453748838526	0.0910894380732098	0	0	0.0902687493105595	0	0.135945154927293	0.0362871332850693	0.0997393537034522	0.140566689888445	1		90
C#CCCC1(CCC(=O)NCC(=O)NCC2CC3CCC(C2)N3C)N=N1	C096	1	-7.389941	-11.500806	0.0028071817338489	0.0166450622550371	0.0449835775505246	0.0262474107558133	0	0.0133549192708678	0	0.668964614755404	0	0	1		91
C#CCCC1(CCC(=O)NCCNS(=O)(=O)c2ccn(C)c2)N=N1	C097	0	-4.6148305	4.509729	0	0	0	0.49634391551398	0	0.108059968079476	0	0.532809527475129	0	0	1		92
C#CCCC1(CCNC(=O)[C@@H]2[C@@H](c3ccncc3Cl)C2(C)C)N=N1	C098	0	9.909929	13.30208	0.510365666131926	0.0802460361937106	0	0.0433812322120086	0	0.0214686670117049	0	0	0.0992589851935036	0	1		93
C#CCCC1(CCNC(=O)Cc2nc(-c3cccs3)oc2C)N=N1	C099	0	-5.8726625	10.210864	0.0188283406971215	0.202148002824828	0.0640092063012904	0.0090006450933014	0.0271716599118043	0.0016161577834006	0.0555087122430392	0	0.0001904099378376	0	1		94
C#CCCC1(CCNC(=O)c2n[nH]c(C(F)(F)F)c2C(C)C)N=N1	C100	0	8.842696	11.816077	0.592950906605733	0	0	0	0.347377983932847	0	0	0	0	0.30229271691465	1		95
C#CCCC1(CCC(=O)N2CC(CC)N(C(C)=O)CC2CC)N=N1	C101	0	-1.815167	3.2796862	0.002442600024052	0	0	0.453352541965862	0	0.0005572297904904	0	0.0211219506781741	0	0	1		96
C#CCCC1(CCNC(=O)c2cc3c(cc2Cl)NC(=O)C3)N=N1	C102	0	15.753286	4.798057	0	0.468962412626205	0	0	0.0078935971637192	0.237378000946246	0	0.0950397794288316	0.290298800092502	0	1		97
C#CCCC1(CCNC(=O)C2CCC3NC(=O)C(C)(C)C3C2)N=N1	C103	0	1.3235562	-6.7378116	0.0003149165790865	0	0	0.124346795154702	0	0.0213767296452371	0	0	0.359993944272723	0.0076398382065441	1		98
C#CCCC1(CCC(=O)N(C)C[C@@H]2OCC[C@@H]2c2ncn[nH]2)N=N1	C104	0	0.31124073	-6.3914385	0	0	0	0.0736517148042713	0	0.0257412381190906	0	0	0.288327836729153	0	1		99
C#CCCC1(CCNC(=O)C2(c3cc(C)no3)CCOCC2)N=N1	C105	0	1.4512725	-7.7896676	0	0	0.138737979362618	0.0214786068569833	0	0	0	0	0.421811666347455	0	1		100
C#CCCC1(CCC(=O)N(C)C2(c3cccc(Cl)c3)CC2)N=N1	C106	0	5.645024	-7.066656	0	0	0.044915093276493	0	0	0.0085399848762518	0.435364523916324	0.131261020696633	0.524183425676496	0.201176255505106	1		101
C#CCCC1(CCNC(=O)CC2CCCC(C(F)(F)F)C2)N=N1	C107	0	5.698922	-6.747541	0.163274646192337	0	0.13721948908273	0	0	0	0.57244837488445	0	0.259190374306394	0.212885003646104	1		102
C#CCCC1(CCC(=O)N2CCC3CCC32c2cccs2)N=N1	C108	0	5.6067004	-7.073579	0	0	0.130063203623007	0	0	0	0.367278306337821	0.0910195160652785	0.643155753594985	0	1		103
C#CCCC1(CCC(=O)NCc2cnn3ccn(C)c(=O)c23)N=N1	C109	0	15.580035	1.8125092	0	0.529180497659702	0	0.0223589762551421	0	0.445906321693601	0.0053036751511812	0	0.0501787813238625	0	1		104
C#CCCC1(CCC(=O)NC(C)(C)c2cc(C(F)F)on2)N=N1	C110	0	3.666525	11.101566	0.169923094597637	0	0	0	0	0	0.752129116294347	0	0.0823789608538892	0	1		105
C#CCCC1(CCNC(=O)CCn2c(C)c(C)sc2=O)N=N1	C111	0	-1.276232	-5.212515	0	0.0251303688553343	0.014899248962924	0.095565082837034	0	0.006520894940639	0.036772574607111	0.007915446497228	0.0961737231772304	0	1		106
C#CCCC1(CCNC(=O)c2ccc(Cc3ccccc3)[nH]2)N=N1	C112	0	8.7126875	7.011224	0.0483038854039928	0	0	0	0	0.0028764151852646	0.265839326279488	0.185225629425124	0	1.13348230373541	1		107
C#CCCC1(CCC(=O)N2C[C@@H](O)[C@H](N3CCOCC3)C2)N=N1	C113	1	16.073908	0.36366814	0	0.231085638458733	0.0177704998973543	0.145519262806566	0	0.480971428453244	0	0	0.117842291174298	0	1		108
C#CCCC1(CCC(=O)N2CC3(CC(O)CNC3=O)C2)N=N1	C114	0	-1.2248976	1.719542	0.0117129374492916	0	0	0.361443685371899	0	0.0096190797624767	0	0	0	0.036876412899388	1		109
C#CCCC1(CCC(=O)NC2CCN(CCC=C)CC2)N=N1	C115	1	9.86097	-15.560397	0	0.0111938572240067	1.0824564638565	0.0314405834084606	0	0.0091590880210938	0.0853188631610885	0	0	0	1		110
C#CCCC1(CCC(=O)N2Cc3nc(C)nc(O)c3C2)N=N1	C116	0	14.476443	1.6626058	0	0.398906423862953	0.0026623487579094	0.066510323591657	0	0.321882348068675	0	0.0530337056303356	0	0	1		111
C#CCCC1(CCC(=O)N2CCN3CCCCC2C3)N=N1	C117	1	7.686254	-15.091552	0	0.0012799687075283	0.791602536181172	0.0974464574890922	0.0113995091815096	0.004929478113697	0	0.0056067540289561	0	0	1		112
C#CCCC1(CCNC(=O)C2CCCN2S(=O)(=O)c2sc(=O)[nH]c2C)N=N1	C119	0	-3.4757783	-4.6841726	0.0087720546828012	0.0117460627159182	0	0.0298127845889762	0	0.0266161647241751	0.0182321871478224	0.00892871082175	0.0830377646140211	0	1		113
C#CCCC1(CCNC(=O)C(C)Oc2cc(C)cc3oc(=O)c4c(c23)CCC4)N=N1	C120	0	-5.541824	-9.37895	0	0	0	0.0204578136412709	0.0937819880686672	0.0176252208238898	0	0.182786224084624	0.109204247785327	0	1		114
C#CCCC1(CCC(=O)Nc2nn(Cc3cn(CC)nc3C)cc2Cl)N=N1	C121	0	-3.1721022	10.350779	0	0.413480105862639	0	0.165204606492495	0	0.0873812261681479	0	0	0.0038803961456289	0.0170946401764618	1		115
C#CCCC1(CCNC(=O)CN2C(=O)NC(C)(c3ccc(C)cc3)C2=O)N=N1	C122	0	1.7278494	-0.6899455	0	0.0808806307102115	0	0.381798149350238	0	0.0437298099638561	0	0	0.359844447703797	0	1		116
C#CCCC1(CCC(=O)N2C3CCC2CC(N2CCCS2(=O)=O)C3)N=N1	C123	0	-6.6904144	-3.216709	0	0	0	0.0318605744912947	0.0353643119084414	0.0374804448999431	0.0829771783007152	0.0008681817657024	0	0	1		117
C#CCCC1(CCC(=O)N2CCC3(CC2)CC3CN2CCN(C)CC2)N=N1	C125	1	8.513298	-14.665289	0	0	0.789822006510438	0	0	0	0.0254374172122634	0	0	0	1		118
C#CCCC1(CCC(=O)N2CC(C)(c3nnc(C4CCOCC4)o3)C2)N=N1	C126	0	-5.488145	-3.1916533	0.0310136048522923	0.0040045454979018	0.0127563474665211	0.0236247236919628	0.0135373005116353	0.0177896919438896	0.0098234507306308	0.0040178762712002	0.0067674200038683	0.0452983355715516	1		119
C#CCCC1(CCC(=O)N[C@@H]2CCCC[C@H]2NS(=O)(=O)C2CC2)N=N1	C128	0	-5.7773323	10.346549	0	0.278033593817467	0	0.003321747573193	0	0.0179399680953649	0.0716817465400361	0	0.0071065989761224	0	1		120
C#CCCC1(CCC(=O)N(C)Cc2coc(-c3ccc(C#N)cc3)n2)N=N1	C129	0	-5.251119	14.210072	0	0.455889694435578	0	0	0	0	0.110737452682682	0	0.185539152278105	0	1		121
C#CCCC1(CCC(=O)NC(c2ccc3c(c2)OCCO3)C2CC2)N=N1	C130	0	3.7252245	-9.208366	0.0524692770200911	0	0.0426935378359113	0	0	0	0.211278603078122	0.615360921018485	0.312873543870687	0	1		122
C#CCCC1(CCC(=O)Nc2ccc(C3CC(=O)NC(=O)N3)cc2)N=N1	C131	0	-5.138285	16.107014	0	0.480168197809812	0	0	0	0	0	0	0.47734414336041	0	1		123
C#CCCC1(CCC(=O)N2C[C@@H](COC)[C@H](c3cnn(C)c3)C2)N=N1	C132	0	-1.2769604	7.515389	0	0.46727316220894	0	0.444043624430544	0	0.109851680796238	0	0.0544459645584535	0	0	1		124
C#CCCC1(CCNC(=O)C2(COC)CCCNS2(=O)=O)N=N1	C133	0	-0.77859557	-0.22254384	0	0	0.0682013074092264	0.243691968482506	0	0	0.0233261979019309	0.0116269868071772	0.068120422106575	0	1		125
C#CCCC1(CCNC(=O)C(O)c2cc(Cl)cc(Cl)c2)N=N1	C134	0	5.9650006	10.616641	0.197174445497898	0	0	0	0	0	0.479689610777236	0.0233816963208398	0.0559902637130848	0.661703709464097	1		126
C#CCCC1(CCNC(=O)C(O)(c2ccccc2)C(F)(F)F)N=N1	C135	0	5.739248	10.904726	0.409008463484796	0	0	0	0	0	0.522354377153248	0.0277872639147002	0	0.216260344926695	1		127
C#CCCC1(CCNC(=O)Cc2cc(S(N)(=O)=O)cn2C)N=N1	C136	0	15.803209	3.3156679	0.0141784044314101	0.485045890704769	0	0	0.0185558156256069	0.291741380297219	0.0346706864663541	0	0.185838574597136	0	1		128
C#CCCC1(CCC(=O)N2CCCC23CCCS(=N)(=O)C3)N=N1	C137	0	-3.2817507	3.0041761	0	0.0262778559536976	0	0.611158088342934	0	0.131435527786326	0.0038387006096398	0	0	0	1		129
C#CCCC1(CCNC(=O)c2cc3n(n2)CCNS3(=O)=O)N=N1	C138	0	-4.9677343	15.414121	0	0.346937660535032	0	0	0	0	0	0	0.371550749656602	0	1		130
C#CCCC1(CCC(=O)NCCc2cnc3ccc(C)cc3c2)N=N1	C139	0	-6.734372	12.764846	0	0.518460828305483	0	0.0152162125495012	0	0	0.222450202965729	0	0.074897354359357	0	1		131
C#CCCC1(CCC(=O)N2CC(OCc3ccccc3F)C2)N=N1	C140	0	-4.04529	9.381329	0	0.343071612616475	0.195261995403769	0.21001468387117	0	0	0.163437202212362	0.0966677216271539	0.0482293232012321	0	1		132
C#CCCC1(CCC(=O)NCC2(C(F)(F)F)CCCCC2)N=N1	C141	0	-9.717089	0.26615024	0.0383862162863908	0	0.0631532758414203	0.0272335131174382	0	0	0.445803103997283	0.0270136435381595	0.0645901255097359	0	1		133
C#CCCC1(CCNC(=O)c2ccnc(OC3CCOC3)c2)N=N1	C142	0	-5.2282414	13.129723	0	0.32916528986646	0.0901934621326249	0	0.0401585246048976	0	0.0475191064493616	0	0.0551127466643664	0	1		134
C#CCCC1(CCNC(=O)C2C3Cc4c(Cl)cccc4C32)N=N1	C143	0	-11.092418	1.3981798	0.0938055783116131	0	0	0	0.260481256288977	0	0.697728295550265	0.0046850030274132	0	0	1		135
C#CCCC1(CCNC(=O)c2ncsc2S(N)(=O)=O)N=N1	C144	0	-2.3193476	-3.7790341	0	0.0697105533047596	0.0142695027629087	0.0478836165133931	0.0048229024972621	0.000831846050589	0.0786540855456492	0	0.0999360599623178	0	1		136
C#CCCC1(CCC(=O)Nc2cc(-n3ccnn3)ccc2F)N=N1	C145	0	-4.488299	12.820588	0	0.503400504394385	0.171707769732971	0.133733626687107	0.030916763406443	0	0	0	0.0314801168053284	0	1		137
C#CCCC1(CCC(=O)N2CCO[C@@H]3CS(=O)(=O)C[C@@H]32)N=N1	C146	0	14.690765	-0.062442053	0	0.457071266711422	0	0.436068954574834	0	0.358375141860181	0.0026734513982991	0	0	0	1		138
C#CCCC1(CCNC(=O)C2CCCc3cc(C#N)ccc32)N=N1	C147	0	-3.7889988	8.652602	0	0.252696650556705	0.215786844919105	0.302643620680623	0	0	0.0186822695256565	0	0.0811003956366679	0.0077416730167996	1		139
C#CCCC1(CCNC(=O)C23CC(CO)(C2)OC32COC2)N=N1	C148	0	-6.430396	-4.594883	0.0010812979674012	0.019473904135671	0	0.0280737020479446	0	0.0882641948503293	0	0.0469514794757439	0	0.0173669171755208	1		140
C#CCCC1(CCNC(=O)CCC2CC(C)N(C)C2C)N=N1	C149	1	8.932448	-16.074116	0	0	1.01466149752876	0	0	0	0	0	0.005667681557072	0	1		141
C#CCCC1(CCNC(=O)C(c2cncn2C)N(C)C)N=N1	C150	1	-4.587219	4.6552672	0	0	0	0.701683394657279	0	0.0746488160850619	0	0.474040075740229	0	0	1		142
C#CCCC1(CCC(=O)NCC(O)c2cncs2)N=N1	C151	0	0.106139526	13.512472	0	0.409660800466973	0.0560659980695036	0	0	0.0272602913086211	0.0893997510061595	0.104070537829142	0.0455095613430031	0	1		143
C#CCCC1(CCNC(=O)C2CN(CC(F)F)C2)N=N1	C152	1	10.670737	13.434694	0.409704488482023	0	0.138676337468944	0	0	0.0121376075901193	0	0	0.308309859064967	0	1		144
C#CCCC1(CCC(=O)N2Cc3sccc3CC2(C)C)N=N1	C153	0	3.9432993	-8.980734	0.332184775956348	0	0.114106577719593	0	0	0	0.373134054816891	0.438518979581457	0.311388101107004	0	1		145
C#CCCC1(CCC(=O)NCc2nnc(C3CC3)n2C2CC2)N=N1	C154	0	1.6159604	-2.125242	0	0	0	0.208600360372777	0.0075813615142636	0.0235601056114136	0	0	0.286957521284382	0	1		146
C#CCCC1(CCC(=O)N[C@@H]2CC=CC[C@H]2C(F)(F)F)N=N1	C156	0	-8.411213	-2.5030081	0	0	0.0421536693763619	0.0014949273230135	0	0.0145135600518955	0.180463959324869	0	0	0	1		147
C#CCCC1(CCC(=O)NCC2CCc3nnc(C(F)F)n3C2)N=N1	C157	0	-4.026834	-4.235222	0.0196173769553656	0.0017570865569552	0.0026404929261521	0.0544270484708245	0.0205715434208822	0.0008601889644607	0.0479041917446424	0	0.0111061128268453	0	1		148
C#CCCC1(CCNC(=O)c2cc3c(C(F)(F)F)cc(=O)[nH]c3o2)N=N1	C158	0	6.2309604	-2.129352	0	0	0.0691947946819597	0.0610385762934193	1.0671037743485	0.0157765333338153	0	0.125410117449425	0.237674893355378	0	1		149
C#CCCC1(CCC(=O)Nc2ccccc2Oc2cccc(C#N)c2)N=N1	C159	0	4.265606	11.658154	0.208902255302127	0	0.0557128661567575	0	0	0	0.822541735036656	0.289801470582573	0.0719110095560385	0	1		150
C#CCCC1(CCC(=O)NC2(C(O)c3ccc(F)cc3)CCCC2)N=N1	C160	0	-10.51706	0.76531625	0	0	0.0377409646979079	0	0.059776536938405	0	0.538737176640984	0	0	0	1		151
C#CCCC1(CCNC(=O)CCc2nc3cc(Cl)ccc3s2)N=N1	C161	0	3.9298143	11.378373	0.181056990396461	0.084421815773498	0.0782593435152682	0	0	0	0.890556347311258	0	0.130528644552926	0.0100801609504654	1		152
C#CCCC1(CCC(=O)NC[C@H]2OCC(=O)N(CC)[C@@H]2c2nccn2C)N=N1	C162	0	0.58055204	-6.056767	0.0144557466831745	0	0.0094475281031211	0.0075931035473159	0	0	0	0.0076742868429024	0.301770970524182	0	1		153
C#CCCC1(CCC(=O)N(C)C23CC(C(F)(F)F)(C2)C3)N=N1	C163	0	-11.41402	-0.67541903	0.0528367880354691	0	0.05601030348328	0	0.0711922998696451	3.22056151304345e-05	0.380530329711975	0	0	0	1		154
C#CCCC1(CCC(=O)N2CCCC2CN2CCC(C)CC2)N=N1	C164	1	7.434235	-14.204875	0	0	0.632482057284985	0	0	0	0	0	0.092815566149952	0	1		155
C#CCCC1(CCC(=O)N2Cc3cnn(-c4ccccc4)c3C2)N=N1	C165	0	14.541015	2.794281	0.002661802974175	0.494452511832276	0.0123647462274177	0	0	0.263703072778993	0	0	0	0	1		156
C#CCCC1(CCNC(=O)c2ccc(-n3cnc4ccccc4c3=O)cc2)N=N1	C166	0	-5.644775	11.921788	0.0777687657596522	0.347975625777945	0.0036444026126407	0	0	0	0.0487113719610067	0	0	0	1		157
C#CCCC1(CCC(=O)NCc2ccc(N(C)C(=O)c3ccncc3)cc2)N=N1	C167	0	-1.3705914	9.13671	0	0.330850705447685	0	0.216520831403599	0	0	0	0.357874408419792	0	0	1		158
C#CCCC1(CCC(=O)N[C@@H]2COC[C@@H]2Oc2cn[nH]c2)N=N1	C168	0	-5.921431	9.775461	0	0.20611836447948	0.0044360988053359	0	0	0.0486159861322617	0.0014686325262798	0	0.151535892794279	0	1		159
C#CCCC1(CCNC(=O)CCc2c[nH]c3cccc(C)c23)N=N1	C169	0	7.334615	10.770121	0.448962260201797	0	0.0105323375170195	0.0036524332109219	0.0065066360976767	0	0.17370996895576	0	0	0.422302279322686	1		160
C#CCCC1(CCC(=O)N2CCc3c(CN4CCCC4)cccc32)N=N1	C170	1	10.206899	-16.654657	0	0.0030872281424564	1.28243730509474	0	0	0	0	0	0.230426281277181	0.0202846804607526	1		161
C#CCCC1(CCC(=O)NC2CN(CC)CC2(C)C)N=N1	C171	1	9.886525	-16.255047	0	0	1.16507571957088	0	0	0	0	0	0	0.0091548194295336	1		162
C#CCCC1(CCC(=O)N[C@H]2C[C@H](c3cc(F)cc(F)c3)C2)N=N1	C172	0	8.454657	10.864466	0.434142170637601	0	0	0	0.178986026039487	0	0.0188251145871092	0	0	0.572238366987009	1		163
C#CCCC1(CCNC(=O)Cn2nnnc2-c2ccsc2)N=N1	C173	0	-7.406821	-8.129774	0.0056199861597265	0.159689556043562	0	0	0.0106338236580319	0	0.0224784664394223	0.167407859016118	0	0	1		164
C#CCCC1(CCC(=O)Nc2cnc3c(c2)OCC(=O)N3)N=N1	C174	0	-1.0259492	14.261484	0.0160616303541954	0.587088816833144	0	0	0	0.119654804004153	0	0.148939191540089	0.100789064675004	0	1		165
C#CCCC1(CCNC(=O)c2cncc(COC)c2)N=N1	C176	0	-2.9499834	-3.727298	0	0.0099859661934942	0.0319949077309778	0.0628020083907235	0.0087852215410615	0	0.0455179403768591	0	0.0772062177745439	0	1		166
C#CCCC1(CCNC(=O)c2sc(CC(F)(F)F)nc2C)N=N1	C177	0	-1.9910663	-3.639437	0	0.0162418303132402	0	0.1010735016009	0.0113328365420715	0	0.0985625441629926	0.0391922505933487	0.0805786855314124	0	1		167
C#CCCC1(CCC(=O)N(CC)c2cc(C)ccc2OC)N=N1	C178	0	-9.861825	-5.75686	0	0	0	0.0048807574529574	0	0	0.125076418448789	0.067777125706674	0.0715448390271781	0.108417674283029	1		168
C#CCCC1(CCC(=O)N2C3CCCC2CC2(C3)NC(=O)NC2=O)N=N1	C179	0	-3.8306324	16.782167	0	0.488469925939696	0	0.273023961529885	0.0242777046158671	0.0818462440497578	0	0	0.39827298154043	0	1		169
C#CCCC1(CCC(=O)NCC2CC3(CC3)S(=O)(=O)N2)N=N1	C180	0	0.18032354	-5.2710385	0.0094656086471096	0	0	0.0820592799299847	0.003987169887708	0	0	0	0.19071699039972	0.0734650101815475	1		170
C#CCCC1(CCC(=O)NC2(CN3CCN(c4ncccn4)CC3)CC2)N=N1	C182	1	1.9475807	-12.620225	0	0	0.52783364834252	0.440405956851196	0	0	0	0.177462165252503	0.0359446628972746	0	1		171
C#CCCC1(CCC(=O)NC(C)c2nnc(-c3ccccc3F)s2)N=N1	C183	0	-5.773383	-2.45083	0.0081391296863289	0	0.053773817221358	0.113878298204269	0	0	0.038602898068382	0	0.0068322147190301	0	1		172
C#CCCC1(CCC(=O)NC(CN(C)C)c2ccco2)N=N1	C184	1	8.580284	-14.366796	0	0	0.731835484753688	0	0	0	0	0	0	0	1		173
C#CCCC1(CCNC(=O)CC2CS(=O)(=O)c3ccccc3O2)N=N1	C185	0	-1.3797103	6.765787	0	0.231508109659796	0	0.395294529674947	0	0	0	0	0	0	1		174
C#CCCC1(CCC(=O)N2CCC(N3CCN(c4ccccc4Cl)CC3)CC2)N=N1	C186	1	9.632134	-14.504801	0.0312811844357022	0	0.77703972706208	0.0838285271842152	0	0	0.0950436244385429	0	0	0.134780154005765	1		175
C#CCCC1(CCNC(=O)c2cnc(Oc3ccccc3)cn2)N=N1	C187	0	-6.6933465	-4.5299497	0.0061755255427843	0	0	0.0226496772164446	0.0806196586693597	0.0688031610244579	0.0363514623690982	0	0	0	1		176
C#CCCC1(CCC(=O)N2Cc3c[nH]nc3C(c3n[nH]c(CC)n3)C2)N=N1	C189	0	17.753197	0.09626515	0.0168721833596756	0	0	0	0	0.479321936728926	0.0039835402889466	0	0.12008190466223	0	1		177
C#CCCC1(CCNC(=O)C2CCC3CC(=O)NC3C2)N=N1	C190	0	17.94375	-0.021741763	0.0170357050395752	0	0	0	0.0835553616665453	0.453981711364537	0	0	0.255396841987254	0	1		178
C#CCCC1(CCC(=O)N2CC(C#N)C3(C2)C(=O)Nc2ccccc23)N=N1	C191	0	17.020056	0.8874508	0	0.365347601864648	0	0	0	0.481206507014838	0	0	0.187517989079889	0	1		179
C#CCCC1(CCC(=O)NC(c2ccccn2)c2ccccc2OC)N=N1	C193	0	17.720835	0.17057422	0	0.081301075292053	0	0	0	0.482590527819623	0	0	0.240635249185845	0	1		180
C#CCCC1(CCNC(=O)C2(Cc3ccc(F)cc3)CCCO2)N=N1	C194	0	-8.444262	-2.7770412	0	0	0.149211887310208	0	0	0.0023606137477854	0.178496633733321	0	0	0.0151713198229277	1		181
C#CCCC1(CCC(=O)N2C[C@H]3CCO[C@H]3CC(C)(C)C2)N=N1	C195	0	-4.05786	10.482858	0	0.38806736624849	0.109381941981191	0.186547795510401	0	0	0	0	0.205685966072563	0	1		182
C#CCCC1(CCC(=O)NC(C(N)=O)c2ccc3ccccc3c2)N=N1	C196	0	-3.6465487	11.677941	0	0.505750325212646	0	0	0	0	0.0671788246269003	0	0	0.091604703663331	1		183
C#CCCC1(CCC(=O)N2CC3CN(C)C(c4ccccc4)C3C2)N=N1	C197	1	9.627988	-13.209779	0	0.290203175507669	0.871996104313066	0.0100691540526577	0	0	0.0484161130960537	0	0.134649159627457	0	1		184
C#CCCC1(CCC(=O)Nc2cc(F)ccc2OCc2cnn(C)c2)N=N1	C198	0	-8.911756	-8.906854	0	0.0244186374012974	0.0059365746409643	0	0	0.0072016154833774	0.184761469921651	0.45155748076688	0	0	1		185
C#CCCC1(CCNC(=O)c2cc(CNS(C)(=O)=O)oc2C)N=N1	C199	0	-5.661071	11.524695	0	0.299235443948737	0.0473519852330776	0	0	0	0.115309962705312	0	4.05124262410008e-05	0.0056787837365346	1		186
C#CCCC1(CCC(=O)NC2CCc3c(nc(C)n3CCO)C2)N=N1	C200	0	1.0342	-8.533556	0	0	0.28337908560401	0.0067562666343088	0	0.0005207346675466	0	0	0.271254189288301	0.0070990890760367	1		187
C#CCCC1(CCNC(=O)COc2ccc3c(c2)CCCC3)N=N1	C201	0	-10.692852	2.9020936	0	0	0.0354533015362046	0	0.368425602135563	0	0.547165609693132	0.102234006275131	0	0.66741662793023	1		188
C#CCCC1(CCC(=O)NC2CCN(c3ccc4nncn4n3)C2)N=N1	C203	0	16.632227	3.9657817	0	0.496041280298717	0	0.0758948921038806	0	0.242736051586903	0	0	0.416348269647676	0	1		189
C#CCCC1(CCC(=O)N[C@H]2C[C@H](C)S(=O)(=O)c3sccc32)N=N1	C204	0	-0.34465846	-6.765453	0	0	0	0.0134499437058935	0.0739969869229683	0	0.0359631146134755	0	0.299006033512426	0	1		190
C#CCCC1(CCNC(=O)c2c(C(F)(F)F)nc3n2CCCC3)N=N1	C205	0	0.94460773	-12.0035715	0	0	0.402397023553855	0.369363435787991	0	0	0.0019955251284279	0	0.317260887316717	0	1		191
C#CCCC1(CCC(=O)N2CCOCC2c2nc(-c3cccs3)no2)N=N1	C206	0	-2.5519507	11.259213	0	0.33940724070919	0	0	0	0	0.0276564570408198	0.007445800738314	0	0.19599923841971	1		192
C#CCCC1(CCC(=O)Nc2ccc3c(c2)CN(c2ccccc2)C3)N=N1	C207	0	-7.16559	-9.141764	0.0159859007027671	0	0	0	0	0.0060133645644029	0	0.311063275165499	0.0045521235931635	0.0919762075812167	1		193
C#CCCC1(CCC(=O)N2CC(N3CCCC3)CC2C(C)C)N=N1	C208	1	8.308463	-16.074593	0	0	0.836645579828411	0	0	0	0.034494425004572	0	0.15861316691283	0	1		194
C#CCCC1(CCNC(=O)c2cc(-c3c[nH]c4ccccc34)[nH]n2)N=N1	C210	0	7.1914096	2.042239	0	0.0402592397463015	0	0	0.810273201386282	0.0237543542118822	0	0.17908259378954	0.0207256130110314	0.663126476531406	1		195
C#CCCC1(CCC(=O)N2CCC3(CN(Cc4ccccc4)CC(C)O3)C2)N=N1	C211	1	-1.2390985	-10.847211	0	0	0.291630651113739	0.0546300710239865	0	0	0	0.0906728892515074	0.299690716626921	0	1		196
C#CCCC1(CCNC(=O)c2cnc3n2C(C)CCC3)N=N1	C212	0	-8.445514	-11.824539	0	0.10836962425012	0.392380615719231	0.0479875657835537	0	0.0182533640993268	0.0079148714907045	0.408569335401969	0.0197363807760464	0	1		197
C#CCCC1(CCC(=O)N2CCOC(c3c(Cl)cccc3OC)C2)N=N1	C213	0	-8.224239	-11.422452	0	0.120727564186043	0.188777504052376	0	0	0.0191537561545457	0	0.468437018756926	0	0	1		198
C#CCCC1(CCC(=O)NC(C(=O)Nc2cc[nH]n2)c2ccccc2)N=N1	C214	0	15.653818	4.261675	0	0.439059316680049	0	0	0.0199622192557499	0.270289276708947	0	0	0.251468530804322	0	1		199
C#CCCC1(CCNC(=O)c2ccc(C3(OC)COC3)cc2)N=N1	C215	0	-0.7249339	-6.252317	0.003251915338652	0	0.121352076077532	0.0649164317097694	0	0	0.0078614691903316	0.0107924364949662	0.184819651697619	0	1		200
C#CCCC1(CCNC(=O)c2ccc(C)c(C)c2-n2cnnn2)N=N1	C216	0	-0.44602677	-5.3534555	0	0.0017803539730612	0.0150049704824387	0.140424823174171	0	0.0085742270745922	0.0380899425611474	0.0073933008950345	0.199867401699313	0	1		201
C#CCCC1(CCNC(=O)C2(c3cccnc3)CC(F)(F)C2)N=N1	C217	0	-0.10127861	-3.2491071	0	0	0.0181382210578021	0.125493594772793	0.0399143026931178	0	0.158050706208815	0	0.156222609876289	0	1		202
C#CCCC1(CCC(=O)Nc2ccc(Cl)c(-n3nnnc3C3CC3)c2)N=N1	C218	0	-9.754789	2.5763814	0	0	0	0	0.219349525368161	0	0.452377976607808	0.329287929727746	0.155768872259219	0.653465247283151	1		203
C#CCCC1(CCC(=O)NCC2CCC3C(CC2)C3(F)F)N=N1	C219	0	2.796544	10.826809	0	0	0	0	0.0024803952113969	0	0.997231138754897	0	0	0.0316682474335675	1		204
C#CCCC1(CCC(=O)N2CCC(c3ccc(F)c(F)c3)C2C)N=N1	C220	0	3.6532168	10.851413	0.0840317093229931	0	0	0	0	0.000330072189143	0.673084503383844	0	0.0867944088029903	0.449381086816551	1		205
C#CCCC1(CCNC(=O)C2CN3CCCN2CC3)N=N1	C221	1	9.132336	-15.907367	0	0	0.934599964089618	0	0	0.0032085731710314	0.11269437274219	0	0	0	1		206
C#CCCC1(CCNC(=O)C2C3CCC2(c2cncs2)C3)N=N1	C222	0	-3.1315377	-2.9819899	0	0.0001601383701574	0.17454377047045	0.0642299192866656	0	0	0.0546184211574878	0	0.0964601929031672	0.0012868417354556	1		207
C#CCCC1(CCC(=O)NCC2CCCN(C)C2c2ccc(OC)cc2)N=N1	C223	1	9.688519	-14.932451	0.0056701321054483	0	1.001311120057	0	0	0	0.0562755192114436	0	0	0.0012136671479374	1		208
C#CCCC1(CCC(=O)NCCOc2c(C)cccc2C)N=N1	C225	0	-12.326613	0.7974628	0.0377600622795076	0	0.296237522568466	0	0	0	0.866693012206965	0	0	0	1		209
C#CCCC1(CCC(=O)NC(Cc2ccccn2)C2COc3ccccc3O2)N=N1	C226	0	-11.300909	0.8931111	0	0.0205205453692213	0.0246647257924407	0	0	0	0.656128897482503	0	0	0.134249772211555	1		210
C#CCCC1(CCC(=O)N2C[C@@H]3CCCS(=O)(=O)[C@@H]3C2)N=N1	C227	0	-3.4581594	13.151863	0	0.542581875452442	0	0.032522443108186	0	0	0	0	0.165865141227577	0.0257185873829258	1		211
C#CCCC1(CCC(=O)N2C[C@@H](O)[C@H](Oc3cccc4c3CCC4)C2)N=N1	C228	0	8.410714	9.351028	0.151349351403529	0	0	0.0003534853713023	0.0832328879529671	0	0.0017819477596616	0	0.12788985485954	1.19108590110271	1		212
C#CCCC1(CCNC(=O)C2COc3ccc(OC)cc3C2)N=N1	C229	0	-8.117026	-6.7361846	0	0.0156228633747445	0.037357279304395	0.0050102983011532	0.0280837517302107	0.0169568386322827	0.0791325767726395	0.269506904560406	0	0	1		213
C#CCCC1(CCC(=O)NCCOC2CCS(=O)(=O)CC2)N=N1	C230	0	-3.747842	-5.553887	0.0410795818538753	0.0409695243499977	0	0.0159862778412075	0.0608200495198912	0	0	0.0077768699229	0.0672967777607006	0.0017943104776232	1		214
C#CCCC1(CCC(=O)NCC(C)(O)C2CCC(C(C)C)CC2)N=N1	C231	0	8.917954	8.999024	0.333028311097933	0	0.0772518233838739	0	0.182275357787552	0	0.188744893567285	0	0	0.662533494596849	1		215
C#CCCC1(CCNC(=O)c2cnc3sc(Cc4ccccc4)cn3c2=O)N=N1	C232	0	5.9708395	2.296015	0	0.534106865084681	0	0	0.839931936697727	0	0	0	0	0.234085960499281	1		216
C#CCCC1(CCC(=O)NCc2ccc3c(c2)C(C)C(C)O3)N=N1	C233	0	-8.054837	-1.5183518	0	0.0036222723067625	0	0.0604513159629811	0.0434345011779411	0.0079418164263552	0.155549223858093	0	0.0151744328467979	0.0257843167549863	1		217
C#CCCC1(CCNC(=O)C2CC(C)Cc3cn[nH]c32)N=N1	C234	0	-8.9585705	0.016982388	0.0443014500658533	0	0	0.0134699947148821	0.249788212513011	0	0.240801012238713	0.0114424692333261	0.126696501732386	0.0054111444010021	1		218
C#CCCC1(CCC(=O)Nc2ccc3oc(C(F)(F)F)cc(=O)c3c2)N=N1	C235	0	8.526837	9.434576	0.355284722860533	0	0	0	0.382286875072819	0	0	0	0	0.644455835234789	1		219
C#CCCC1(CCC(=O)N2CCCC(c3n[nH]cc3NS(C)(=O)=O)C2)N=N1	C236	0	2.161654	-6.604413	0.0042337263446467	0	0	0	0.023524666458839	0	0	0	0.521335295929851	0	1		220
C#CCCC1(CCC(=O)N2C[C@@H](C)N(CC)[C@@H](C)C2)N=N1	C237	1	9.228881	-15.478527	0	0	0.983257412169844	0.0045776144032633	0	0	0	0	0.0125757473987016	0	1		221
C#CCCC1(CCC(=O)NC(Cn2cnc3ccccc32)c2ccc(F)cc2)N=N1	C238	0	6.6892123	1.2528604	0	0	0	0	0.982347484351794	0	0.0454870125302927	0.0506388134919234	0	0.334277466828008	1		222
C#CCCC1(CCC(=O)Nc2cccc3c2oc(=O)n3C)N=N1	C239	0	13.514976	2.312689	0	0.513575625649066	0.170679101217282	0.215429730964694	0.0166492795888121	0.241537304578601	0	0.0606375179409454	0	0	1		223
C#CCCC1(CCC(=O)NCCc2cc(C(F)(F)F)co2)N=N1	C240	0	-6.910683	-2.6665895	0	0.0024826610711851	0	0.0656788049323582	0	0.0046492565067006	0.0774019310764705	0.017400670360822	0.00891028963154	0	1		224
C#CCCC1(CCC(=O)NC23CC(N4CCCCC4=O)(C2)C3)N=N1	C241	0	0.20445958	0.73713106	0	0	0	0.327732538416141	0.0010972361846919	0	0	0	0.117388548001167	0.0072073865765728	1		225
C#CCCC1(CCC(=O)N2CCn3cc(C(F)(F)F)nc3C2C)N=N1	C242	0	-2.25146	8.078849	0.0006099129427688	0.512874768818739	0.0098902220622123	0.419432480766301	0	0.0370738906364803	0.0368893031366199	0	0.0106190874300698	0	1		226
C#CCCC1(CCC(=O)NC2(c3nc4cc(Cl)ccc4o3)CCC2)N=N1	C243	0	-10.728031	-5.2840986	0	0	0.0060018175529122	0.0431997386675374	0.0797401660790458	0	0.139151396398357	0.106101770634248	0.0001929303106949	0.324059049476452	1		227
C#CCCC1(CCNC(=O)C2=NN(c3ccc(F)cc3)C(C(N)=O)C2)N=N1	C244	0	-6.928943	-9.745245	0	0.0143736584483319	0	0.120661033610912	0	0	0	0.286103911301068	0.0054641398794523	0.0624502855983733	1		228
C#CCCC1(CCC(=O)NC2CCc3cccc4cccc2c34)N=N1	C245	0	-2.3639755	0.25078222	0.0151828850189987	0	0	0.251366302742883	0	0	0.0001046868249915	0.0043723765265793	0	0.0459500589895889	1		229
C#CCCC1(CCC(=O)NC2C3Cc4cc(Cl)ccc4C32)N=N1	C246	0	8.778075	8.607545	0.119238455786447	0	0.0545751083426267	0.0048211802150068	0	0	0.175814630502611	0	0	1.12329865551608	1		230
C#CCCC1(CCC(=O)NC2CC(=O)N(CC(F)(F)F)C2)N=N1	C247	0	-0.078560285	2.6374002	0	0	0	0.493010026110058	0	0	0	0	0.0149808202089829	0.0001042608354564	1		231
C#CCCC1(CCC(=O)NCC2(O)CC(OCC)C2(C)C)N=N1	C248	0	-4.8584332	-0.6000953	0	0.037127309639282	0	0.155979701852542	0	0.0878861775405207	0	0.0610605491492604	0	0.0106824107741738	1		232
C#CCCC1(CCNC(=O)c2cc(F)cc3nc(C)c(C)nc23)N=N1	C249	0	14.153311	1.5089587	0	0.36915652061196	0.0181703545410362	0.135662364081075	0	0.284199564983087	0	0.048473593174185	0	0.0575838915543377	1		233
C#CCCC1(CCC(=O)NCC2(CO)COCC3COCCN32)N=N1	C250	1	-5.469649	-2.8713803	0.018361891210047	0	0.0039288893794892	0.0728697611077467	0	0.0510930724402835	0	0.0022558670451447	0	0.0003510113799961	1		234
C#CCCC1(CCNC(=O)CC2=NN(c3cccc(Cl)c3)C(=O)C2)N=N1	C251	0	-4.5008574	-5.947499	0.118501757920205	0	0	0	0	0	0.0168277716667634	0.0034434322757239	0.0234973513717802	0.0084399480820427	1		235
C#CCCC1(CCC(=O)Nc2nnc3n(Cc4cccc(OC)c4)[nH]c(C)c2-3)N=N1	C252	0	-7.760689	-5.7805653	0.010231623831677	0	0	0.108762557766009	0	0	0.0517192352547719	0.0134341704551471	0.0058741231755529	0.175138253623023	1		236
C#CCCC1(CCC(=O)NCCS(=O)(=O)N2CCOCC2)N=N1	C253	0	15.784325	1.3934301	0	0.352798309491831	0	0.0010602524759987	0	0.381601149487589	0	0	0	0	1		237
C#CCCC1(CCC(=O)N2CC3(CC(S(C)(=O)=O)C3)C2)N=N1	C254	0	-5.039097	-0.35674083	0	0.0689469646084292	0	0.187581480724745	0	0.107668771644749	0	0.0410826329010824	0	0	1		238
C#CCCC1(CCC(=O)NC(C)c2c(OC)nsc2OC)N=N1	C255	0	-8.314166	-9.946562	0	0	0.0646915332985219	0.0082317854548651	0	0	0.042266267443844	0.552758662747478	0	0	1		239
C#CCCC1(CCNC(=O)C2C3CCN(CC3)S2(=O)=O)N=N1	C256	0	-3.3181746	3.0470948	0	0	0.161392288490833	0.74490112542707	0	0.0841810883412834	0.0010103325389636	0	0.0016992518446386	0	1		240
C#CCCC1(CCC(=O)Nc2ccccc2-n2ccc(C(N)=O)n2)N=N1	C257	0	-5.0808563	-1.732484	0	0.124897571355219	0	0.108918253117441	0.0286117920146871	0.0423305059759416	0	0.0078520268350246	0	0	1		241
C#CCCC1(CCC(=O)Nc2ccc(C(F)F)nc2)N=N1	C258	0	-7.8756433	-4.408945	0.0149929067625552	0.0102801831622285	0.045999054579638	0.0379439575339775	0.0908999973004782	0.0002340480145767	0.0758909085156553	0.0407100547668072	0	0	1		242
C#CCCC1(CCC(=O)NCCN2CCS(=O)CC2)N=N1	C259	1	-1.2939805	1.6010317	0	0	0	0.320590421459019	0.0163219060369311	0	0	0	0	0	1		243
C#CCCC1(CCNC(=O)CS(=O)(=O)c2ccccc2Cl)N=N1	C260	0	-5.523215	12.870602	0	0.371760721434694	0.266244010753983	0	0.0077951445548756	0	0.0393849980097214	0	0.0378508246923436	0.0498394912700344	1		244
C#CCCC1(CCC(=O)NCC(c2c(F)cccc2F)N(C)C)N=N1	C261	1	7.9182186	-14.361211	0	0.0118298400740388	0.694636131920402	0.0521702094464573	0	0.0072604224654451	0.0104970956206521	0.0235540561497981	0.008815631063029	0	1		245
C#CCCC1(CCNC(=O)c2cc(NC(=O)C(C)C)c(F)cc2F)N=N1	C262	0	-3.880103	-7.0997634	0	0.0080564786517881	0.15662621094813	0.0176657499869814	0.0490231128576962	0	0.0223720992875139	0.0002483441986721	0.0496784410538189	0	1		246
C#CCCC1(CCC(=O)Nc2cccnc2OCc2ccccc2)N=N1	C264	0	-8.5794	-10.517389	0.121278079970975	0	0	0	0	0	0.0568223476016254	0.555496754297214	0	0.0187450772076051	1		247
C#CCCC1(CCC(=O)N2CCCN(S(=O)(=O)c3ccc(Cl)s3)CC2)N=N1	C265	0	-1.1745868	-8.432495	0.0022241611636493	0.124763872219123	0	0	0	0	0	0.0134065853257793	0.285140893419001	0.0515911372710333	1		248
C#CCCC1(CCNC(=O)c2ccc3cnc(C4CC4)n3c2C)N=N1	C266	0	-1.7632765	-7.062038	0	0	0	0.03097317811001	0.023078291647669	0.0079890667529001	0	0.0332329775462037	0.194010077333948	0.055524771962291	1		249
C#CCCC1(CCC(=O)N2C[C@@H]3CS(=O)(=O)C[C@@]3(C#N)C2)N=N1	C268	0	-5.2919517	-2.5644336	0.0123855282783245	0	0	0.0855794284385633	0	0.0266887107547714	0.0153368391343239	0	0	0	1		250
C#CCCC1(CCNC(=O)c2sc(-c3nnc[nH]3)nc2C(C)C)N=N1	C269	0	-6.771135	-11.526318	0	0	0	0	0.0208534699556184	0.0018960460555968	0	0.620546603863621	0	0	1		251
C#CCCC1(CCC(=O)N2CCc3nc(CCC(C)(C)C)ncc3C2)N=N1	C270	0	-2.202682	5.0417123	0.0313795746630238	0	0.0075906652951188	0.282934580630472	0	0	0.0525696718663364	0.466318801532499	0	0	1		252
C#CCCC1(CCC(=O)Nc2cc(C3CC3)nn2C2CCS(=O)(=O)C2)N=N1	C271	0	-3.826913	-6.000864	0.092323244211008	0	0	0	0.0243062754924212	0.0024604438589603	0	0	0.129298840694545	0.0364660597995824	1		253
C#CCCC1(CCNC(=O)c2ccccc2NC(=O)CC#N)N=N1	C272	0	-6.3435106	-5.1597686	0.0038526866901357	0.0398778908220285	0	0.0070097785620983	0.0193763942164831	0.048010524738103	0.0181936493611835	0.072300718806488	0	0.0122073543217114	1		254
C#CCCC1(CCNC(=O)[C@H]2C[C@H]2c2nc(C(F)(F)F)no2)N=N1	C273	0	9.314432	13.857369	0.433937513828565	0	0.06541025949341	0.0009636733944438	0	0	0.181965795784628	0	0.118196943809387	0	1		255
C#CCCC1(CCNC(=O)c2cc(=O)[nH]c3nn(CC)c(C4CC4)c23)N=N1	C274	0	14.653404	2.8697617	0	0.544558706979321	0	0	0	0.268324685927311	0	0	0	0	1		256
C#CCCC1(CCC(=O)NCCN2c3ccccc3NS2(=O)=O)N=N1	C275	0	-0.019848479	-6.26795	0	0	0	0.0098274758118314	0.0311306091902998	0.0016805329163429	0	0	0.249499890781857	0.0029649193826586	1		257
C#CCCC1(CCC(=O)NCC2CCCN(CC#N)C2)N=N1	C276	1	1.1496942	-8.051665	0	0	0.209188033807562	0	0	0	0.0177325751722062	0	0.340859324498185	0	1		258
C#CCCC1(CCC(=O)N2CCC34CCC(CC23)C4(C)C)N=N1	C277	0	-9.1767025	-0.26104543	0	0	0	0.003701054371165	0	0.000897410213547	0.343523289567486	0.028952061416145	0.0876972328711428	0	1		259
C#CCCC1(CCC(=O)Nc2ccc3c(c2)C=CC2(CCC2)O3)N=N1	C278	0	7.2014527	0.92893875	0	0	0	0	1.07166443878268	0	0	0	0	0.528345558222754	1		260
C#CCCC1(CCC(=O)N2CCC3(CC2)CC(O)c2nn(C)cc2O3)N=N1	C279	0	13.490594	2.0793676	0	0.528367042675339	0	0.13124372975608	0.0037366374298894	0.348367368687409	0	0.430083175704169	0	0	1		261
C#CCCC1(CCC(=O)N(C)Cc2cnc(-n3cccn3)s2)N=N1	C280	0	-0.48107624	-4.4524117	0	0.0869588095083395	0.0310301061990934	0.160731545357116	0	0.0006334855145988	0.0889388271273965	0.0111420125874242	0.218748935565111	0	1		262
C#CCCC1(CCNC(=O)C2CN3CC4CC3(CO2)C4)N=N1	C281	1	9.99871	-15.857929	0.001592419263701	0	1.13989544691094	0	0	0	0.0014071143250858	0	0	0.0786807171988056	1		263
C#CCCC1(CCC(=O)NCc2cc(Oc3ccc(F)cc3)ccn2)N=N1	C282	0	-7.8925533	-1.5429957	0	0.0051732198395907	0.016174478887836	0.0035716951830336	0	0	0.0974561019891674	0	0.0332778619832645	0.100921250672467	1		264
C#CCCC1(CCC(=O)NCc2nn[nH]c2-c2ccnn2C)N=N1	C283	0	-4.875455	-5.038934	0	0	0.0115348522936026	0.0110842424431781	0.0423138099584375	0.0415140352612382	0	0.0165579623600899	0.024339702656678	0	1		265
C#CCCC1(CCNC(=O)c2c(-c3ccccc3)nc3sccn23)N=N1	C284	0	-2.1519516	12.8677	0	0.48242456070878	0	0.0130162306129426	0.005479422252622	0	0	0.0897661711071167	0.0448506651090835	0	1		266
C#CCCC1(CCC(=O)NC2C(=O)Nc3ccc(C(C)C)cc32)N=N1	C285	0	7.5775957	6.238082	0	0	0	0	0.290911862569237	0	0.0305019513693604	0	0.0501286404459748	1.40001782731524	1		267
C#CCCC1(CCC(=O)N2CCC(C(O)c3cccc(OC)c3)CC2)N=N1	C286	0	-3.2647514	12.079942	0	0.526297849766941	0	0.015076633635336	0.0035160234321303	0.0082687307716836	0	0	0	0	1		268
C#CCCC1(CCC(=O)Nc2cccc3oc(C(F)(F)F)nc23)N=N1	C287	0	-10.686184	2.7951822	0	0	0	0	0.0275259837961552	0	0.480827640237515	0.496275935236251	0	0.763239081988593	1		269
C#CCCC1(CCNC(=O)C2C3CC2(c2ccccc2C)CO3)N=N1	C288	0	-2.885757	1.0755451	0	0	0	0.256152529646285	0.0173835182508578	0	0.108748411362567	0	0	0.151723030307077	1		270
C#CCCC1(CCC(=O)Nc2cc(CCc3ccccc3C)n[nH]2)N=N1	C289	0	7.6854596	7.4852133	0.0529327934414817	0	0	0	0	0	0	0	0.0898687974873175	1.61322513227069	1		271
C#CCCC1(CCC(=O)NCc2cc(Cl)cc(S(=O)(=O)CC)c2)N=N1	C290	0	1.0921224	-0.38515082	0.0065892506979667	0	0	0.325184370630522	0	0	0	0	0.23729664665303	0.0105874397096259	1		272
C#CCCC1(CCC(=O)NC2(CCO)CS(=O)(=O)C2)N=N1	C291	0	-2.7896926	-5.918213	0	0	0.0091565144106416	0.070588614337306	0	0.0055721056668928	0	0	0.112287704784588	0.0222239744990905	1		273
C#CCCC1(CCC(=O)NCc2cccc(N3C(=O)NC4(CCCC4)C3=O)c2)N=N1	C292	0	-2.328358	1.285094	0	0	0	0.341628646308858	0.0442915622420848	0	0.066716530830968	0	0.0265604899078941	0	1		274
C#CCCC1(CCC(=O)N2CCCn3c(cc4ccccc43)C2)N=N1	C293	0	-9.742511	-5.19122	0.0023697938988529	0	0.0679846626225866	0.0275525154958597	0	0	0.169946562481701	0.0130876479213612	0	0.336807211733493	1		275
C#CCCC1(CCC(=O)Nc2cc(C(=O)N3CCN(C)CC3)ccc2OC)N=N1	C294	1	2.2840803	-12.80744	0	0	0.592368550279543	0.354167984215863	0.0434997692702197	0	0	0.0662807573860886	0.131146502623807	0	1		276
C#CCCC1(CCC(=O)N2CCP(=O)(c3ccccc3)CC2)N=N1	C295	0	-4.3251505	12.104284	0	0.491672751937957	0.0179410716112366	0.037838938133104	0	0	0.0136312818503336	0	0.03040259661136	0	1		277
C#CCCC1(CCNC(=O)c2cc(C)n3ncc(C(C)C)c3n2)N=N1	C296	0	-8.666858	-0.7909704	0.0255581898473001	0	0	0.0115780019868538	0	0	0.195262624874522	0.0150532244210006	0.144331308857739	0.171918041247462	1		278
C#CCCC1(CCNC(=O)c2cccn2Cc2cccnc2)N=N1	C297	0	0.82283217	2.1022985	0	0	0.0280775324285674	0.398108832820499	0.0376470799462547	0	0.0352404200434805	0	0.0524608765209313	0	1		279
C#CCCC1(CCC(=O)NC2CCS(=O)(=O)C3(C2)CC(C(N)=O)C3)N=N1	C298	0	-4.278135	-3.4607894	0	0.0282527251165487	0.0059934258693699	0.060364587060209	0.0319615911884801	0.0232173501221645	0.0550224540443038	0.0274589401510026	0.0610560195120154	0	1		280
C#CCCC1(CCNC(=O)Cc2nc(C(C)C)c(C)s2)N=N1	C299	0	9.78769	12.647681	0.642575970652139	0	0.0803496370539541	0.022527615469034	0.0057547041242477	0	0.0341418773188556	0.0054179429211823	0.160923639123409	0.140192745799103	1		281
C#CCCC1(CCNC(=O)Cc2c(Cl)c(CC)nn2C)N=N1	C300	0	-3.8244677	-2.5302389	0	0.0088878861834783	0.0315742451573753	0.134589147769454	0	0	0.0061246786068977	0.0310602048316261	0.0458317763149457	0.0093286977609911	1		282
C#CCCC1(CCC(=O)NC(c2ccn[nH]2)C(F)(F)F)N=N1	C301	0	-1.7945911	4.6582885	5.4140097336066e-05	0	0	0.347024398454426	0	0	0	0.320914079728554	0	0	1		283
C#CCCC1(CCC(=O)N2CCc3nnc(N4C[C@H]5CN(C)C[C@H]5C4)cc3C2)N=N1	C302	1	9.834289	-12.557604	0	0.523798674483872	0.848900834839022	0.0358431320113067	0	0	0	0	0	0	1		284
C#CCCC1(CCC(=O)N2CCn3c(C(=O)NC(C)C)ccc3C2C)N=N1	C303	0	-2.8747668	12.488007	0	0.581730266767129	0	0.0360187703084182	0	0.0386274073191181	0	0.0882924636887537	0.0056751295677652	0	1		285
C#CCCC1(CCC(=O)Nc2ccc(-c3cn4cccc(C)c4n3)cc2)N=N1	C304	0	-1.6923181	12.718739	0.022259991500578	0.442125097542154	0	0	0.0623081875383493	0	0	0.0578305453989563	0	0	1		286
C#CCCC1(CCNC(=O)c2c(CC)nc3ccc(Cl)cn23)N=N1	C305	0	-1.5854605	11.80695	0	0.345958586505407	0.136424324044817	0.0332252656808992	0.003098747466837	0	0	0.145745246073179	0	0	1		287
C#CCCC1(CCC(=O)N2CCC(n3nnc4c(=O)[nH][nH]c(=O)c43)CC2)N=N1	C306	0	-3.4362757	-4.7942653	0.0182383686502143	0.0084249220460628	0.0217779440042189	0.0282230145931513	0.0672441327838467	0	0.0145175936439016	0.0482596100976722	0.064089141870384	0	1		288
C#CCCC1(CCC(=O)N2CCCC(COC(F)(F)F)C2)N=N1	C307	0	-7.443096	-2.6115367	0.0014563167653622	0	0	0.0176750741815656	0	0.0096974587531269	0.13046561341849	0	0	0	1		289
C#CCCC1(CCC(=O)N2CC(CC(N)=O)OC(C)(C)C2)N=N1	C308	0	-7.704044	-9.936036	0	0	0	0.0315068335656024	0	0.0330318012245747	0	0.510481369695278	0	0	1		290
C#CCCC1(CCC(=O)N2CC[C@@H]3[C@H](C2)NC(=O)N3CCOC)N=N1	C309	0	-1.5514181	0.030813945	0	0.0404503860964702	0	0.263779030744933	0	0	0.0344921619070801	0	0.0047728983654707	0	1		291
C#CCCC1(CCC(=O)NCc2cc(C(F)(F)F)ccc2N2CCN(C)CC2)N=N1	C310	1	10.356418	-15.684249	0.0404360506276374	0	1.1088343991108	0	0	0	0.0470154908520497	0	0	0.112144663455177	1		292
C#CCCC1(CCC(=O)N2CCS(=O)(=O)CC2c2ccc(C)o2)N=N1	C311	0	-6.0491753	0.38244006	0	0.218855697997565	0	0.0405427798234246	0.0005914623841452	0.164080910667372	0	0.0219115554587699	0	0.0289921830706612	1		293
C#CCCC1(CCC(=O)NC2CC3CCC(C2)N3S(C)(=O)=O)N=N1	C312	0	-2.775445	-5.976023	0.0021042622461789	0	0.0225087181124021	0.0767929204937751	0.0087455604883661	0	0	0.0216742030745682	0.121319328117754	0.0115614637726076	1		294
C#CCCC1(CCNC(=O)c2nnc(-c3ccccc3OC)[nH]2)N=N1	C313	0	-0.18968661	13.584649	0	0.457452977898157	0	0	0	0.066660793449958	0	0.161133254923169	0.142888210206921	0	1		295
C#CCCC1(CCNC(=O)c2cc(C3CC3)nc3c(Cl)cnn23)N=N1	C314	0	0.69108033	16.068504	0.512696042088756	0.436306347441415	0.121168067121015	0	0	0	0	0.0436308027808324	0.343851401086572	0	1		296
C#CCCC1(CCC(=O)NCc2nc([C@H]3CN4CCC[C@H]4CO3)no2)N=N1	C316	1	-3.4828315	-1.7409589	0	0.0162694177499627	0	0.145358541942218	0	0.0462739731826225	0	0	0.093390592966323	0.0436838344525979	1		297
C#CCCC1(CCNC(=O)c2cc(S(=O)(=O)NC)cs2)N=N1	C317	0	-1.9359516	11.223404	0	0.226432723896402	0	0.0088086972229806	0	0	0	0.052544184192487	0.0491606504673619	0.0138332800124838	1		298
C#CCCC1(CCNC(=O)c2nc(C3CCN(C)CC3)n[nH]2)N=N1	C318	1	8.138939	-15.538294	0	0.0116620709680839	0.811499563318346	0.171399131726509	0	0.060552967700438	0	0.0134816230002786	0	0	1		299
C#CCCC1(CCC(=O)N2CC(c3n[nH]c4c3COCC4)C2)N=N1	C319	0	14.493186	-0.16968048	0	0.497072245869569	0	0.486747137697811	0	0.371087259019131	0	0	0	0	1		300
C#CCCC1(CCNC(=O)c2cc(C)n(-c3ncccn3)c2C)N=N1	C320	0	-2.4066427	-5.3645453	0	0	0.0036660400886475	0.122679677502802	0.0186743565173704	0.0022601466953428	0	0.0055704381803906	0.119951329818179	0	1		301
C#CCCC1(CCC(=O)NCC(O)(c2ncc(C)o2)C(F)(F)F)N=N1	C321	0	-7.34876	-7.8023705	0	0.0104877005459999	0	0.0083656524037912	0.0337120597675353	0	0.0373958813587575	0.218253584191443	0	0	1		302
C#CCCC1(CCNC(=O)C2CN(C(=O)Nc3cc(Cl)ccc3OC)C2)N=N1	C322	0	-3.7826443	15.78396	0.0033039708094171	0.460716015401869	0	0.171717534955975	0	0	0	0	0.249058832406381	0	1		303
C#CCCC1(CCC(=O)NC2(C(N)=O)CC(C(F)F)C2)N=N1	C323	0	-6.0914655	0.21688153	0	0.194779014112154	0	0.0396787697862223	0.0030428364708191	0.0906658335745013	0	0	0.0070226275372563	0	1		304
C#CCCC1(CCNC(=O)c2c(-c3cn(C)nn3)noc2C(F)F)N=N1	C326	0	-5.256402	-7.29471	0	0.0583713371352179	0.0402402363762057	0.0595423465745265	0	0	0.029203099002467	0.0591203487653632	0.0719437866020098	0.0001712896473107	1		305
C#CCCC1(CCNC(=O)C(C)N2C(=O)C3CC=CCC3C2=O)N=N1	C327	0	-0.32991937	1.0781146	0.0157258817826409	0	0.0632807992017043	0.325350425783707	0	0	0	0	0.0242596242639631	0	1		306
C#CCCC1(CCNC(=O)c2cc(C)nc3onc(-c4c(C)nn(C)c4C)c23)N=N1	C328	0	-5.585072	-0.5316083	0.0049174040534891	0.13135592747472	0	0.102001748449736	0	0.0871411418800287	0	0	0	0	1		307
C#CCCC1(CCC(=O)N2CCCC(c3[nH]ncc3CN3CCOCC3)C2)N=N1	C329	1	0.82981575	-11.9093	0	0.145006148844309	0.379501349190894	0.386600010288619	0	0.010973153875511	0	0	0.363789146678968	0	1		308
C#CCCC1(CCC(=O)N2CCN(C3(C(N)=O)CCOC3)CC2)N=N1	C331	1	-4.339211	-1.4413741	0.0136441727460301	0.0022439565915878	0.0005055979234895	0.188983765784929	0.0307918225887618	0.0172337787960857	0.0173125451102432	0	0.0167900124504342	0	1		309
C#CCCC1(CCC(=O)N[C@H]2CCCC[C@H]2Cc2nn(C)c(=O)n2C)N=N1	C332	0	-0.6145926	3.03129	0	0	0	0.476740513703389	0	0	0	0	0	0	1		310
C#CCCC1(CCC(=O)NC(C)c2ccc(N3CC(C)CS3(=O)=O)cc2)N=N1	C333	0	12.822149	1.1277491	0	0.428930707281926	0	0.375048421990111	0	0.241441799995729	0	0.343554259358932	0	0	1		311
C#CCCC1(CCC(=O)NC2CC(N(C)C)C23CCC3)N=N1	C334	1	7.238378	-13.440187	0.0083493151798256	0	0.485306162157704	0	0.0122400358959144	0	0	0	0	0	1		312
C#CCCC1(CCNC(=O)c2cc(S(=O)(=O)CC)c[nH]c2=O)N=N1	C335	0	-5.4693074	-5.844331	0.0161245948714441	0	0	0.0025465563085008	0.141984900742205	0.0375676371406123	0	0.0296032846838444	0	0	1		313
C#CCCC1(CCC(=O)N2CCCC(O)(CN(C)C)C2)N=N1	C336	1	7.506163	-13.555165	0.0148525520861708	0	0.51699578434582	0	0	0	0	0	0	0	1		314
C#CCCC1(CCC(=O)N2CCC(C#N)(CCC=C)CC2)N=N1	C337	0	-5.0861645	12.466091	0	0.437195055427954	0	0	0	0	0.0975146842085186	0	0.032264317845187	0	1		315
C#CCCC1(CCNC(=O)c2cccc(-c3cnc4[nH]c(=O)n(C)c4c3)c2)N=N1	C338	0	6.175955	3.2931898	0	0.526174717820771	0	0	0.937953595275953	0.0991468741235427	0	0.0919609350623367	0.262927260166551	0	1		316
C#CCCC1(CCNC(=O)c2cc(-c3cc(F)ccc3F)on2)N=N1	C339	0	8.336029	13.831507	0.395756398596543	0	0.111294613195223	0.0242236273350014	0.0179125143940347	0.0067524657173562	0.260298378862189	0.0401279430530693	0	0	1		317
C#CCCC1(CCC(=O)N2CCN(C(C)c3nc(C(C)C)no3)CC2)N=N1	C340	1	-2.8115444	14.041527	0	0.443885402031485	0.0333395636859478	0.0044070508565381	0.020776737427541	0	0	0.296860968787106	0.217671485123488	0	1		318
C#CCCC1(CCC(=O)N2CCC(S(=O)(=O)c3ccc(F)cc3)C2)N=N1	C342	0	-4.994204	15.228609	0	0.350941280512129	0	0.0345517649483246	0	0	0.0215839062468151	0	0.338065132587552	0	1		319
C#CCCC1(CCC(=O)N2CCOC3(C2)C2CC4CC(C2)CC3C4)N=N1	C343	0	-9.911768	-6.2491894	0.0569196229164226	0	0.0368635071963744	0	0.0098929116258719	0	0.183073491632871	0.105853593234177	0.080507070783403	0.217543765860435	1		320
C#CCCC1(CCC(=O)N2CCCCCCNC(=O)C3CCCC32)N=N1	C344	0	16.154484	2.269037	0	0.546778175743141	0.0059586771424178	0.111323904356967	0.0026228048073501	0.429684975853733	0	0	0.231683881604462	0	1		321
C#CCCC1(CCC(=O)N2CC(c3nc(O)cc(O)n3)C2)N=N1	C345	0	6.958471	0.038052447	0	0	0	0	0.930018643249898	0	0	0	0	0	1		322
C#CCCC1(CCNC(=O)c2cccn3c(CC(C)C)nnc23)N=N1	C346	0	13.29956	3.6932845	0	0.577991828371656	0.317978954531573	0	0.0607792498909859	0.298335138135386	0	0.161069828744475	0	0	1		323
C#CCCC1(CCNC(=O)Cc2sc(-c3ccn[nH]3)nc2C)N=N1	C347	0	15.351773	3.3149922	0	0.531343316873421	0	0	0.0395857011803209	0.297964661386039	0	0	0.144799464646159	0	1		324
C#CCCC1(CCNC(=O)c2cnn(-c3nc(CC)cs3)c2)N=N1	C348	0	-3.6486797	14.45319	0.0795447147347409	0.439612793139995	0	0	0	0	0.0174976654636417	0	0.243286813679558	0.0608341983790468	1		325
C#CCCC1(CCC(=O)NCc2cn(-c3ccccc3)nc2C(C)C)N=N1	C349	0	8.629706	11.465891	0.493555731494556	0	0.0378517506603488	0	0.318550427579334	0	0	0.106156760716449	0	0.300704400232538	1		326
C#CCCC1(CCNC(=O)[C@@H]2C[C@]23CCOc2ccc(Cl)cc23)N=N1	C350	0	8.972455	12.742357	0.658883460632893	0	0.0194004045177282	0	0	0.0019826838152929	0.256724262555667	0	0	0.0574857041129947	1		327
C#CCCC1(CCC(=O)NC(C)Cc2ccc(S(N)(=O)=O)cc2)N=N1	C351	0	16.180748	3.7545679	0	0.502542838648394	0	0.0077764261976782	0.0089442445861123	0.31450647111397	0	0	0.354989331379092	0	1		328
C#CCCC1(CCC(=O)NCc2csc(CNC(C)=O)n2)N=N1	C352	0	0.4542941	-6.9511285	0	0.0965551800885061	0	0.003632538269487	0	0.0371123374260676	0	0	0.334761450266657	0	1		329
C#CCCC1(CCNC(=O)Cc2nc3nccc(-c4ccc(F)cc4)n3n2)N=N1	C353	0	15.558672	3.294346	0	0.515186161054757	0	0	0	0.260324571777794	0	0	0.171169799703053	0	1		330
C#CCCC1(CCNC(=O)c2cc(OC)nn2-c2ncccc2Cl)N=N1	C354	0	-5.984567	13.507535	0.0191200840225253	0.354152351806374	0.289021236826742	0.0011641184728459	0	0.0092600759251955	0.0176120258084514	0	0.216663947598853	0	1		331
C#CCCC1(CCNC(=O)c2cnc3ccc(OC)cc3c2C(F)(F)F)N=N1	C355	0	5.7998843	2.3685887	0.0006656014015473	0.45183522441319	0.094492030550492	0	0.803033727646574	0	0.144911546047809	0.0221633641368173	0	0	1		332
C#CCCC1(CCC(=O)N[C@@H]2C[C@H]2c2ccccc2OC(F)F)N=N1	C356	0	5.8806124	0.7581577	0	0	0.0481736856606579	0	0.732654400979778	0	0.115438060376092	0	0.265505431057275	0	1		333
C#CCCC1(CCC(=O)NC2(Cc3ccc(F)c(C)c3)CC2)N=N1	C357	0	-10.604329	0.81159234	0	0	0.0491531064391177	0.001714769809579	0.242083794269684	0	0.439689593958547	0	0	0	1		334
C#CCCC1(CCC(=O)N2CCS(=O)C(CC)(CC)C2)N=N1	C358	0	6.151192	1.7537102	0	0.243796894701531	0.0769542695874959	0.007252889433668	0.967519780298474	0.0103923867199718	0	0	0	0	1		335
C#CCCC1(CCC(=O)N2CCC3(CC2)OCc2ccncc23)N=N1	C359	0	-3.9014711	12.797392	0.0044322410176921	0.546791536944601	0.14714756060896	0.0293319338090352	0.0434543690815633	0	0	0	0	0	1		336
C#CCCC1(CCC(=O)NCC2CCCC(C(F)(F)F)O2)N=N1	C360	0	-7.131961	-3.4646645	0	0	0.0002222817281416	0.018152512160306	0.135691132865121	0.0063585984842723	0.0739862747864423	0	0	0	1		337
C#CCCC1(CCNC(=O)c2csc3cncn23)N=N1	C361	0	14.190611	3.0385933	0	0.60114693040785	0	0	0.0950997105820681	0.233583803357737	0	0	0	0	1		338
C#CCCC1(CCNC(=O)c2nc(-c3ccccc3)oc2C2CC2)N=N1	C362	0	8.301916	8.388781	0.112461349899837	0	0.0613778060770679	0	0.0920273164443013	0.0058930902978315	0	0.0291554187100318	0	1.33260891817106	1		339
C#CCCC1(CCNC(=O)c2nc(C(F)(F)F)n3ccccc23)N=N1	C363	0	-8.071989	-11.683637	0.0169268348234651	0.0019058834641452	0.202186019395429	0	0	0	0	0.591605078013485	0	0.0695553918973023	1		340
C#CCCC1(CCNC(=O)c2csc3cc(Cl)cnc23)N=N1	C364	0	-8.935294	-6.0380473	0	0.0244418365549863	0.0316551720020909	0.0325302645881272	0.0094029629287422	0.0245434326117157	0.039038758955055	0.118820171072267	0	0.226816919463637	1		341
C#CCCC1(CCC(=O)N2CC(N3CC(c4nc(C5CC5)no4)CC3=O)C2)N=N1	C365	0	7.372992	-0.8168443	0	0	0	0.130451182170622	0.645384237840276	0	0.153254965804429	0	0.0386771941121725	0.384651741764097	1		342
C#CCCC1(CCC(=O)NC(CO)c2cc(F)c(F)c(F)c2)N=N1	C366	0	8.334885	9.685602	0.222380769272182	0	0.0260586598202088	0	0.0596081349374636	0.0180593529180432	0	0	0	1.05573728160582	1		343
C#CCCC1(CCNC(=O)Cn2c(C)nc3cc(F)c(F)cc32)N=N1	C367	0	7.069988	-0.2675421	0	0	0	0.0147611484375971	0.677365640466132	0	0.0783479126650086	0	0.0162115753693358	0.354772855776562	1		344
C#CCCC1(CCC(=O)NC[C@H]2C[C@@H](OC)CN2c2cc(C)ncn2)N=N1	C368	0	-10.080793	-3.0776403	0	0.0125933783994909	0	0.0207172096418254	0.0947342176987807	0	0.10693951393416	0	0.0529403463898877	0.0533336028370107	1		345
C#CCCC1(CCNC(=O)[C@H]2CN(C(C)(C)C)C[C@@H]2C(F)(F)F)N=N1	C369	1	2.4986565	-12.889283	0.030440028697329	0	0.536550431264197	0.335367658996659	0.0142524453240405	0	0.0585216875620525	0	0	0	1		346
C#CCCC1(CCNC(=O)CC(C)c2ccncc2)N=N1	C370	0	-0.1832258	2.1786115	0.0026359079889326	0	0	0.41736301217887	0.021353429768777	0	0	0	0.0213940354787503	0	1		347
C#CCCC1(CCNC(=O)C23CCN(CC2)S(=O)(=O)C3)N=N1	C371	0	-3.3675027	-7.665154	0	1.65534642768037e-05	0.0364861957987834	0.0142156250540353	0.0994538358407879	0	0	0.0647529502994286	0.100331502332629	0	1		348
C#CCCC1(CCNC(=O)c2cccc3c2C(C)(C)C(C)=N3)N=N1	C373	0	9.975939	13.14389	0.456450680472567	0	0.0530205439241301	0.0121530423242466	0	0	0	0	0.0017698033246904	0	1		349
C#CCCC1(CCC(=O)N2CCc3ccc(C#N)nc3CC2)N=N1	C374	0	-4.1403213	11.305466	0	0.58025169109729	0.0278810964580495	0.0841267791140824	0	0.0651213107630388	0.0045207558046361	0	0.0136182309578156	0	1		350
C#CCCC1(CCC(=O)N2C[C@H]3[C@](C(F)(F)F)(CCS3(=O)=O)C2)N=N1	C375	0	-0.39725676	1.7893378	0.0121752681682932	0	0	0.387907069644563	0.0063415074672571	0	0	0	0.0214645797117102	0.0030330895180116	1		351
C#CCCC1(CCC(=O)N2CC(C(F)(F)F)CCC23CC3)N=N1	C376	0	-0.7848048	-8.31891	0.0145346896626539	0	0.0215321286785037	0	0	0	0.0566691574012904	0.0353896770612803	0.30573466415892	0	1		352
C#CCCC1(CCNC(=O)c2ncnn3cccc23)N=N1	C378	0	-0.3776696	10.5924225	0.0112965977162589	0.316835666808228	0.160607355098792	0.0022835431352295	0	0	0.0009133024836971	0.448588477979878	0	0	1		353
C#CCCC1(CCNC(=O)C2CCN(S(=O)(=O)c3cnn(CC)c3)CC2)N=N1	C379	0	-4.1255465	12.042229	0	0.447433061196377	0	0.0847776043071276	0	0	0	0	0.0450173346301785	0	1		354
C#CCCC1(CCC(=O)NCc2cccc3nsnc23)N=N1	C380	0	-2.700639	11.831596	0.002598418248163	0.373195664753584	0	0.0013964865092906	0	0	0.0140345460007829	0.0083015347921233	0	0.052025564427771	1		355
C#CCCC1(CCC(=O)N2CC(OC)(c3cnnn3C)C2)N=N1	C381	0	-3.6373825	11.551401	0	0.418955165123762	0	0.0202201777858234	0	0	0.0325403938272685	0	0.0380330329379436	0	1		356
C#CCCC1(CCC(=O)Nc2cccc(OCc3cscn3)c2)N=N1	C382	0	5.3631577	3.1528463	0	0.305815155067308	0	0	0.588867738068323	0	0	0.457249268228485	0.0316798089522171	0.0303545570918107	1		357
C#CCCC1(CCC(=O)Nc2cc3c(cc2N2CCCCC2)n(C)c(=O)n3C)N=N1	C383	0	-2.5545344	12.451608	0	0.428755408541833	0.0495062454034921	0	0.0299334180616316	0	0	0.0130767375882504	0.0066833044776608	0.0331119024924422	1		358
C#CCCC1(CCC(=O)Nc2ccc(N3N=C(COC)CC3=O)nc2)N=N1	C384	0	6.6260796	-1.354874	0.002193334838378	0	0.0485399556856182	0	0.840016047075513	0	0.291131558327959	0	0.108996407986807	0	1		359
C#CCCC1(CCC(=O)N2CCC3(CCOCC3)C23CC3)N=N1	C385	0	0.209848	3.4243176	0.0036432547225301	0.0618512639772706	0.0971455185140089	0.476324171802947	0	0.0109009265148062	0	0.149317794993844	0.0720719732419189	0	1		360
C#CCCC1(CCC(=O)N2CCCC3CCC(F)(F)CC32)N=N1	C386	0	-0.106927685	-7.9671273	0	0.0274444618979742	0	0.135275911795315	0	0.014003310792471	0.073305620812742	0	0.32088399812905	0	1		361
C#CCCC1(CCC(=O)N2CC3(CCC3)OC3(CCC3)C2)N=N1	C387	0	0.37194398	2.7259693	0	0	0	0.532911315920867	0	0	0.0016043495427558	0	0.0458093649634867	0	1		362
C#CCCC1(CCNC(=O)c2c[nH]cc2-c2ccc(Cl)s2)N=N1	C388	0	8.463299	7.8327823	0.191874196549035	0	0.0089019478603519	0	0.0789517990179634	0	0	5.05795695125561e-05	0	1.20689198875648	1		363
C#CCCC1(CCNC(=O)c2cn3ccnc3s2)N=N1	C389	0	-1.4336845	8.903231	0.0003977976631335	0.439385056864133	0	0.362642297952708	0	0	0.0374375330752702	0.0943078752063864	0	0	1		364
C#CCCC1(CCNC(=O)c2ncoc2-c2ccc(C)cc2)N=N1	C390	0	-11.263991	3.6020641	0	0	0.123147794580096	0	0.553968373218934	0	0.270896112565072	0.588928563197979	0.136988952184808	0.305938853588418	1		365
C#CCCC1(CCNC(=O)c2csc(-c3cn[nH]c3)c2)N=N1	C391	0	13.104861	4.3922777	0	0.527753777559487	0	0	0.0633475991787647	0.268882396134296	0	0.30460590092999	0	0	1		366
C#CCCC1(CCNC(=O)c2ccccc2N(C)C(=O)c2scnc2C)N=N1	C392	0	-1.854094	1.0257877	0.0022367736288688	0.141240934786287	0.0150077767423049	0.337511974983556	0	0	0.0349400335783355	0	0	0.0120516312580724	1		367
C#CCCC1(CCNC(=O)CN2CCCC3(CC3)S2(=O)=O)N=N1	C393	0	-0.8742827	12.237926	0	0.294374894984083	0.101138611131607	0	0.133652645012077	0	0	0.0907894534677023	0.0337080113094924	0.0023964503020488	1		368
C#CCCC1(CCNC(=O)c2c3c(nn2C)CCS(=O)(=O)C3)N=N1	C394	0	-3.2180276	11.349084	0	0.426945444003073	0	0.0494282117869049	0	0.0245971685435726	0	0	0	0	1		369
C#CCCC1(CCC(=O)NC(C)Cn2cnc3c(cnn3C)c2=O)N=N1	C395	0	-3.3696818	12.381825	0	0.384717915487616	0	0.0491528335296068	0.015487585592974	0	0	0.0048134202237368	0.0452962846726375	0	1		370
C#CCCC1(CCNC(=O)c2ccccc2Cc2ncn[nH]2)N=N1	C396	0	-2.2138321	-4.1762276	0	0.0252219979681217	0.0023703005129459	0.033834662034873	0.0673928480815332	0.0097899125861016	0.0427071808280838	0.0205729489288722	0.0745563943173978	0	1		371
C#CCCC1(CCC(=O)Nc2ccc3nnc(-c4ccc(F)cc4)n3c2)N=N1	C397	0	-5.662355	-11.902938	0	0	0	0	0.0695556524196472	0.0053939546816569	0	0.401754743928146	0.231943989500963	0.0018785634102224	1		372
C#CCCC1(CCC(=O)Nc2ccc(F)c(NC(=O)Cn3cncn3)c2)N=N1	C398	0	0.7343278	-7.0847106	0	0.0009120774649278	0	0.0014354752370177	0.0595581997864477	0	0	0.0562777272398401	0.404930242543496	0	1		373
C#CCCC1(CCNC(=O)c2snnc2-c2ccccc2C)N=N1	C399	0	-7.694583	-5.9556828	0	0	0.0590214360466291	0.113392186565274	0	0	0.0527866166125351	0.0302316602689571	0.0008130269785111	0.09277569738753	1		374
C#CCCC1(CCNC(=O)c2c[nH]c(C(C)(C)C)n2)N=N1	C400	0	-6.85306	-11.3301735	0	0	0	0	0	0	0	0.626684200156115	0.0822304718493166	0	1		375
C#CCCC1(CCC(=O)N2CCS(=O)(=NS(C)(=O)=O)CC2)N=N1	C401	0	-5.783757	-5.297536	0	0	0	0.0917788450043832	0.0861025009640706	0.0005323955561363	0	0.0683745996939213	0.0555642655660045	0	1		376
C#CCCC1(CCNC(=O)C(C)c2ncccc2F)N=N1	C402	0	-5.351198	-3.928613	0	0	0	0.0038494179044119	0.0470571448443601	0.0132148767222017	0.0566075116714296	0.0210454295852702	0.0089358068520191	0.0745114839059276	1		377
C#CCCC1(CCNC(=O)c2ccc(S(=O)(=O)c3ccccc3)s2)N=N1	C403	0	-10.946949	-5.1812005	0	0	0	0	0.274786491129666	0	0.171530764379821	0.179191672023956	0	0.354368169624631	1		378
C#CCCC1(CCC(=O)NC(CC)c2nc(C)n[nH]2)N=N1	C404	0	-2.8669403	-5.269668	0	0.0042332479472352	0	0.0541394624764953	0.0110250015585888	0.0116968874412859	0.023999431447961	0.034089776153606	0.0922780257318874	0	1		379
C#CCCC1(CCNC(=O)C(C)Cc2ccc3c(c2)OCO3)N=N1	C405	0	-3.6704595	-6.7867374	0.0312269729541333	0	0.0839680136368207	0.0242644262137717	0.0040955954566926	0.0135188492951223	0.029085212903522	0.0166287935044502	0.0586721448653705	0	1		380
C#CCCC1(CCNC(=O)c2ccc(-c3noc(=O)[nH]3)cc2)N=N1	C406	0	-4.2654247	-5.1566973	0.0328471374689356	0	0.0214265162894467	0.0022328797126794	0.0254611877648853	0.0203931306707089	0.109786929785921	0.0111923884988432	0.0418024825953735	0	1		381
C#CCCC1(CCC(=O)Nc2ccc(C34CC5CC(CC(O)(C5)C3)C4)cc2)N=N1	C407	0	8.64801	7.6748447	0.250823166918049	0.0266555548749502	0	0	0.244939661897004	0	0.07563166687064	0.0798713392954486	0.011764096757297	0.772181495424709	1		382
C#CCCC1(CCNC(=O)C2CCN(c3ccc(C)cc3)C2=O)N=N1	C408	0	-5.78667	-3.5706522	0	0	0.0820134805860935	0.0552951994074105	0.0733710527646187	0.0103257541469963	0.0069125956279947	0	0	0	1		383
C#CCCC1(CCC(=O)N2CCC3(CC2)C(C)=Nc2ccccc23)N=N1	C409	0	15.968774	1.0966842	0	0.307097010906882	0	0.0033582189174513	0	0.377844357871744	0.014463849336179	0	0	0	1		384
C#CCCC1(CCNC(=O)c2cccc(N=S3(=O)CCCC3)c2)N=N1	C410	0	-2.0672836	2.1573858	0	0.0250964289109685	0	0.402654860753015	0	0.0631216656183182	0.0347899424647018	0	0.0113666154757766	0	1		385
C#CCCC1(CCC(=O)NCc2cnn(CCO)c2)N=N1	C411	0	-5.209459	-3.1462412	0.0156876759590686	0	0.0326139952657243	0.0885951143077854	0	0.0267501480864411	0	0.0192845302876927	0.0043505220547729	0.008941929976024	1		386
C#CCCC1(CCNC(=O)C(C)(C)Cc2cnn[nH]2)N=N1	C412	0	-7.471821	-10.308065	0	0	0	0.02329785596469	0	0	0	0.436229032513581	0	0.0037125472747206	1		387
C#CCCC1(CCNC(=O)c2cc3cccc(OC(F)F)c3o2)N=N1	C413	0	-7.9629436	-9.811562	0	0	0	0.0016267886489446	0	0.0096733662125515	0.0095221688778813	0.498934260644849	0	0	1		388
C#CCCC1(CCC(=O)N2CCC3(CC2)CCC(F)(F)C3)N=N1	C414	0	-3.4076593	-0.77544177	0	0.0317101278225163	0.0147665999710662	0.184425072006496	0	0	0	0.0590789743226772	0	0	1		389
C#CCCC1(CCC(=O)NCc2ncc(OC)c(O)n2)N=N1	C415	0	-4.8213263	-4.952675	0.013493511997499	0	0.0215954131042267	0.0286678048911105	0.007851223688146	0.0603205525928618	0.0341673112711839	0	0.0326372560074978	0	1		390
C#CCCC1(CCNC(=O)c2ccoc2C2(O)CCOCC2)N=N1	C416	0	-1.0721931	2.6260827	0	0	0.0950302788352016	0.366866224985568	0.0247911568674776	0.0021306349065928	0	0.0095209602869788	0	0	1		391
C#CCCC1(CCNC(=O)Cn2[nH]c(=O)c3ccccc3c2=O)N=N1	C417	0	16.615784	3.632999	0	0.494155709210471	0	0.135253567409269	0	0.335675724801031	0	0.0625113532500391	0.347992437325671	0	1		392
C#CCCC1(CCC(=O)Nc2cn(CC(F)F)nc2OC)N=N1	C418	0	-1.3096194	-10.951621	0	0.0094586622754174	0.204947158419961	0.0912007563021914	0	0	0	0.273282830694434	0.235324562117344	0	1		393
C#CCCC1(CCNC(=O)Cc2cc(Cl)cc3c2OCC3)N=N1	C419	0	0.65670854	-5.7282667	0	0.0079343331535416	0.0417758502399279	0.0866694375386784	0	0	0	0.0069703055212831	0.279775371530358	0	1		394
C#CCCC1(CCNC(=O)c2sc3ncccc3c2Cl)N=N1	C420	0	-2.6474783	13.91377	0	0.495202669205935	0.0983844627300319	0.100472691898327	0	0.0027199177692567	0	0.181805788584596	0.188610848849206	0	1		395
C#CCCC1(CCNC(=O)c2nc(OC(C)C)ccc2Cl)N=N1	C421	0	-7.515807	-9.14131	0.014502754700003	0	0	0.0169491489625674	0	0.0106382655432352	0	0.349315243781159	0.0147178227215644	0.0278523917327369	1		396
C#CCCC1(CCC(=O)NC2CC3CCC2(C(F)(F)F)C3)N=N1	C422	0	-4.5963955	-4.016267	0.0149084455053257	0	0.0213104528026311	0.0484967306499586	0.0401959843288931	0.0056354880874454	0.0222893081864241	0.0196609629365497	0.0635921183573038	0.0995220283177827	1		397
C#CCCC1(CCC(=O)NCC(=O)N2CCN(c3ccc(Cl)cc3)CC2)N=N1	C423	0	8.638958	14.159583	0.318055717248159	0	0.0143461207388784	0.0249159744375504	0.161710378500561	0	0.234679022430179	0	0.119229314700363	0	1		398
C#CCCC1(CCC(=O)Nc2ccc(F)c(N3CCS(=O)(=O)CC3)c2)N=N1	C424	0	-5.199234	-9.508337	0	0	0.0185494613442962	0	0.0689802409095099	0	0	0.340442018202122	0.196951800180283	0	1		399
C#CCCC1(CCNC(=O)COC2CCN(C)CC2)N=N1	C425	1	8.409605	-14.4498625	0	0	0.714708382316077	0	0	0	0	0	0	0	1		400
C#CCCC1(CCNC(=O)c2ccc3c(c2)C(=O)N(c2ccc(F)cc2)C3=O)N=N1	C426	0	-10.393725	-1.7381902	0.0506049003626912	0	0	0	0.0452368145727801	0	0.234553399932715	0	0	0	1		401
C#CCCC1(CCC(=O)NC2CCc3n[nH]c(=O)cc3C2)N=N1	C427	0	15.052556	2.3080075	0	0.533490346456767	0	0	0.0150737007503717	0.343840021071021	0	0	0	0	1		402
C#CCCC1(CCC(=O)N2CCCC(C#N)(c3ccccn3)C2)N=N1	C428	0	16.95779	3.4847429	0	0.505461399573717	0.134507912185862	0.179751342927133	0	0.26248877118047	0	0.104023858245191	0.280825239912213	0	1		403
C#CCCC1(CCC(=O)NC(C)c2ccc(-c3csc(C)n3)cc2)N=N1	C429	0	-6.719247	-6.3982334	0	0.0056159380325588	0.0981653997405599	0.0029455049108748	0.111327303043416	0	0.0728796043526211	0.0057106491312118	0.0499574187255872	0.007197666858451	1		404
C#CCCC1(CCNC(=O)c2cn(-c3cccnc3)nc2C2CCOCC2)N=N1	C430	0	-1.665894	13.695355	0	0.568960742600747	0	0	0.101123548620455	0.0781792692830327	0.0054569863682079	0	0.13885221814591	0	1		405
C#CCCC1(CCC(=O)N2CCCC2c2c(OC)n(C)c3ccccc23)N=N1	C431	0	-0.18732151	-2.915472	0	0	0	0	0.134170612873149	0	0.187657975622324	0	0.231248051774839	0.0659111746981367	1		406
C#CCCC1(CCNC(=O)c2cc(=O)[nH]c(C3CCOCC3)n2)N=N1	C432	0	-4.537909	14.915558	0	0.361303543109975	0	0.0581457853964152	0.017864895183294	0	0	0	0.265485244189953	0	1		407
C#CCCC1(CCNC(=O)c2cc(OC)c3c(c2)OCCO3)N=N1	C433	0	-0.18254767	13.626844	0	0.437199226821642	0.0395477739209283	0	0	0.030013355433637	0	0.187778849267494	0.232502797620356	0	1		408
