Label	InputSMILES	CID	InChIKey	IUPACName	ResolveError	MentionCount	SourceType	Database	Query	MatchMode	Confidence	Title	Year	ReferenceID	URL	AuthorsOrAssignee	JournalOrPublication	Snippet
Chemistry 361	C=CCn1c2c(ccc1=O)CC(N)CC2	131278365	KQNSAFCGRQPIQU-UHFFFAOYSA-N	6-amino-1-prop-2-enyl-5,6,7,8-tetrahydroquinolin-2-one		0												
Chemistry 2545	NCC(C(=O)N1CCC2(CCCN(C(=O)c3ccc(C#Cc4ccccc4)cc3)C2)C1)c1ccccc1	171705985	XIBKZTUGHDYRSO-UHFFFAOYSA-N	3-amino-2-phenyl-1-[9-[4-(2-phenylethynyl)benzoyl]-2,9-diazaspiro[4.5]decan-2-yl]propan-1-one		0												
WX101043_X12	Cc1cncc(CN2CCC3(CC2)CC(N)C3)n1	155874827	YUEFGWIYHBNWMJ-UHFFFAOYSA-N	7-[(6-methylpyrazin-2-yl)methyl]-7-azaspiro[3.5]nonan-2-amine		0												
WX141617_AN0158ZZ0000	NC1CCc2onc(CN3CC[C@@H](O)C3)c2C1	155876541	BRAONHBMBIZVHG-YGPZHTELSA-N	(3R)-1-[(5-amino-4,5,6,7-tetrahydro-1,2-benzoxazol-3-yl)methyl]pyrrolidin-3-ol		0												
WX684418	CC(C)(C)OC(=O)N1CCCC1/C(N)=N\O				GET JSON failed: https://pubchem.ncbi.nlm.nih.gov/rest/pug/compound/smiles/CC%28C%29%28C%29OC%28%3DO%29N1CCCC1%2FC%28N%29%3DN%5CO/property/CanonicalSMILES,InChIKey,IUPACName/JSON: HTTP Error 400: PUGREST.BadRequest	0												
WX101043_X14	Cc1ccc2ncc(CN3CCC4(CC3)CC(N)C4)n2c1	155875119	DYNKKUBIZCIFNN-UHFFFAOYSA-N	7-[(6-methylimidazo[1,2-a]pyridin-3-yl)methyl]-7-azaspiro[3.5]nonan-2-amine		0												
WX690178	CC(C)(C)OC(=O)N1CCC(/C(N)=N/O)CC1				GET JSON failed: https://pubchem.ncbi.nlm.nih.gov/rest/pug/compound/smiles/CC%28C%29%28C%29OC%28%3DO%29N1CCC%28%2FC%28N%29%3DN%2FO%29CC1/property/CanonicalSMILES,InChIKey,IUPACName/JSON: HTTP Error 400: PUGREST.BadRequest	0												
WX190026_Y31	NCC1Cn2nnc(-c3cccc(F)c3)c2CO1	118739738	RFPOGZWGYCHLCS-UHFFFAOYSA-N	[3-(3-fluorophenyl)-6,7-dihydro-4H-triazolo[5,1-c][1,4]oxazin-6-yl]methanamine		0												
WX690163	N/C(Cc1ccsc1)=N/O				GET JSON failed: https://pubchem.ncbi.nlm.nih.gov/rest/pug/compound/smiles/N%2FC%28Cc1ccsc1%29%3DN%2FO/property/CanonicalSMILES,InChIKey,IUPACName/JSON: HTTP Error 400: PUGREST.BadRequest	0												
WX190026_Y36	NCC1Cn2nnc(-c3ccccc3)c2CO1	121229689	PHZULVIGYJNFLP-UHFFFAOYSA-N	(3-phenyl-6,7-dihydro-4H-triazolo[5,1-c][1,4]oxazin-6-yl)methanamine		0												
WX690143	N/C(Cc1ccc(Cl)cc1Cl)=N/O				GET JSON failed: https://pubchem.ncbi.nlm.nih.gov/rest/pug/compound/smiles/N%2FC%28Cc1ccc%28Cl%29cc1Cl%29%3DN%2FO/property/CanonicalSMILES,InChIKey,IUPACName/JSON: HTTP Error 400: PUGREST.BadRequest	0												
WX632011	N/C(Cc1cccc(Cl)c1)=N\O				GET JSON failed: https://pubchem.ncbi.nlm.nih.gov/rest/pug/compound/smiles/N%2FC%28Cc1cccc%28Cl%29c1%29%3DN%5CO/property/CanonicalSMILES,InChIKey,IUPACName/JSON: HTTP Error 400: PUGREST.BadRequest	0												
WX100106_Y08	CN(C)C(=O)CN1C(=O)CCC12CCC(N)CC2	124243559	UEPAUEPENONVCR-UHFFFAOYSA-N	2-(8-amino-2-oxo-1-azaspiro[4.5]decan-1-yl)-N,N-dimethylacetamide		0												
WX140263_Y13	NC1CCc2c(ccc(=O)n2CCN2CCCC2=O)C1	131638228	QAFRUIPUPZTZEQ-UHFFFAOYSA-N	6-amino-1-[2-(2-oxopyrrolidin-1-yl)ethyl]-5,6,7,8-tetrahydroquinolin-2-one		0												
WX140263_Y06	COCCn1c2c(ccc1=O)CC(N)CC2	118738741	BFNBZJNDPVBQQX-UHFFFAOYSA-N	6-amino-1-(2-methoxyethyl)-5,6,7,8-tetrahydroquinolin-2-one		0												
WX110036_Y15	N[C@]12CC1CN(C(=O)c1ccco1)C2	121229380	IHWUOFILXCXWTK-MHPPCMCBSA-N	[(1R)-1-amino-3-azabicyclo[3.1.0]hexan-3-yl]-(furan-2-yl)methanone		0												
WX690072	N=C(N)c1ccc(N2CCOCC2)cc1	28409902	QBZZCBRXVNVDQX-UHFFFAOYSA-N	4-morpholin-4-ylbenzenecarboximidamide		0												
WX110661	CC(C)(C)OC(=O)N1C[C@@H]2[C@H](CN)CO[C@@H]2C1	124242249	SCNZIMGXJYWNJL-OPRDCNLKSA-N	tert-butyl (3R,3aS,6aS)-3-(aminomethyl)-2,3,3a,4,6,6a-hexahydrofuro[2,3-c]pyrrole-5-carboxylate		0												
WX140089	CC(C)(C)OC(=O)N1CCCn2c(CN)nnc2C1	71305798	SPRWBMLFGUVARD-UHFFFAOYSA-N	tert-butyl 3-(aminomethyl)-5,6,7,9-tetrahydro-[1,2,4]triazolo[4,3-a][1,4]diazepine-8-carboxylate		0												
WX110044	CC(C)(C)OC(=O)N1C[C@H]2CC[C@H](CN)[C@H]2C1	71306002	GBPFKXPJCJSCBK-GMTAPVOTSA-N	tert-butyl (3aR,4S,6aS)-4-(aminomethyl)-3,3a,4,5,6,6a-hexahydro-1H-cyclopenta[c]pyrrole-2-carboxylate		0												
WX110546	CC(C)(C)OC(=O)N1C[C@H]2C[C@H](CN)O[C@H]2C1	52324511	VKZFHDQGLQGCGB-BBBLOLIVSA-N	tert-butyl (2R,3aR,6aR)-2-(aminomethyl)-2,3,3a,4,6,6a-hexahydrofuro[2,3-c]pyrrole-5-carboxylate		0												
WX604220	CC(C)(C)OC(=O)N1C[C@@H](N)[C@H](O)C1	11275699	MOZOQDNRVPHFOO-RNFRBKRXSA-N	tert-butyl (3R,4R)-3-amino-4-hydroxypyrrolidine-1-carboxylate		0												
WX141618_HU0024ZZ0000	CS(=O)(=O)NCc1noc2c1CC(N)CC2	155872146	NEOKHJGYSCUMRH-UHFFFAOYSA-N	N-[(5-amino-4,5,6,7-tetrahydro-1,2-benzoxazol-3-yl)methyl]methanesulfonamide		0												
WX141616_AN0008ZZ0000	NC1CCc2onc(C(=O)N3CCCC3)c2C1	155871507	GZFKBLMUEAOERH-UHFFFAOYSA-N	(5-amino-4,5,6,7-tetrahydro-1,2-benzoxazol-3-yl)-pyrrolidin-1-ylmethanone		0												
WX690180	N/C(Cc1cccc(Br)c1)=N/O				GET JSON failed: https://pubchem.ncbi.nlm.nih.gov/rest/pug/compound/smiles/N%2FC%28Cc1cccc%28Br%29c1%29%3DN%2FO/property/CanonicalSMILES,InChIKey,IUPACName/JSON: HTTP Error 400: PUGREST.BadRequest	0												
WX101513	CC(C)(C)OC(=O)N1CC[C@]2(C1)C[C@@H](N)C2	56962195	TWNDWKDXPSDFLL-UHFFFAOYSA-N	tert-butyl 2-amino-6-azaspiro[3.4]octane-6-carboxylate		0												
WX111709	NC12CCN(C(=O)OCc3ccccc3)C1CC(=O)N2	121229807	FAPDWHJYURETBM-UHFFFAOYSA-N	benzyl 3a-amino-5-oxo-3,4,6,6a-tetrahydro-2H-pyrrolo[3,2-b]pyrrole-1-carboxylate		0												
WX601147	CC(C)(C)OC(=O)N1CC[C@@H](O)[C@H](N)C1	10584836	LUQURLQDYAJECW-HTQZYQBOSA-N	tert-butyl (3R,4R)-3-amino-4-hydroxypiperidine-1-carboxylate		0												
WX110030_A175	NC[C@@H]1[C@H]2CN(c3ccncn3)C[C@@H]12	95935233	FCNXFDSORRCQQY-CBLAIPOGSA-N	[(1R,5S)-3-pyrimidin-4-yl-3-azabicyclo[3.1.0]hexan-6-yl]methanamine		0												
WX665219	CCOC(=O)CC1(N)CCN(C(=O)OC(C)(C)C)C1	118798429	BIENJLIIUBFKDP-UHFFFAOYSA-N	tert-butyl 3-amino-3-(2-ethoxy-2-oxoethyl)pyrrolidine-1-carboxylate		0												
WXFS0318	CC(C)(C)OC(=O)N1CCC(F)(CN)CC1	40152119	FCYNTMBZASDPHJ-UHFFFAOYSA-N	tert-butyl 4-(aminomethyl)-4-fluoropiperidine-1-carboxylate		0												
WX111702	CC(C)(C)OC(=O)N1C[C@H](N)[C@H]2OCC[C@H]21	124556090	NWSWQZIICCESNY-DJLDLDEBSA-N	tert-butyl (3aR,6S,6aR)-6-amino-2,3,3a,5,6,6a-hexahydrofuro[3,2-b]pyrrole-4-carboxylate		0												
WX601534	CC(C)(C)OC(=O)N1CCC(CN)(C(F)(F)F)C1	53417434	AHOVYALWYSSMRR-UHFFFAOYSA-N	tert-butyl 3-(aminomethyl)-3-(trifluoromethyl)pyrrolidine-1-carboxylate		0												
WX110042	CC(C)(C)OC(=O)N1C[C@H]2CC[C@@H](N)[C@H]2C1	71306061	VMUXGMBHACBHJJ-KXUCPTDWSA-N	tert-butyl (3aR,4R,6aS)-4-amino-3,3a,4,5,6,6a-hexahydro-1H-cyclopenta[c]pyrrole-2-carboxylate		0												
WX601293	CC1(CN)CN(C(=O)OC(C)(C)C)C1	57415859	NUSZXESXGDKVCH-UHFFFAOYSA-N	tert-butyl 3-(aminomethyl)-3-methylazetidine-1-carboxylate		0												
WX101828	CC(C)(C)OC(=O)N1CC2(C1)OCCC2N	72207892	LSACGXFQGVBFLY-UHFFFAOYSA-N	tert-butyl 8-amino-5-oxa-2-azaspiro[3.4]octane-2-carboxylate		0												
WX120567	CC(C)(C)OC(=O)N1[C@@H]2CC[C@H]1C[C@@H](N)C2	11218405	NZJKEPNCNBWESN-PBINXNQUSA-N	tert-butyl (1S,5R)-3-amino-8-azabicyclo[3.2.1]octane-8-carboxylate		0												
WX601131	CC1(CN)CCCN(C(=O)OC(C)(C)C)CC1	118798191	WIJQXPPTCBFVFO-UHFFFAOYSA-N	tert-butyl 4-(aminomethyl)-4-methylazepane-1-carboxylate		0												
WX601341	CC1(CN)CCCCN(C(=O)OC(C)(C)C)C1	118798590	KFWLROPMPGMJNO-UHFFFAOYSA-N	tert-butyl 3-(aminomethyl)-3-methylazepane-1-carboxylate		0												
WX604185	CC(C)(C)OC(=O)N1CCC(N)CC1	1268291	LZRDHSFPLUWYAX-UHFFFAOYSA-N	tert-butyl 4-aminopiperidine-1-carboxylate		5	paper	Europe PMC	"""tert-butyl 4-aminopiperidine-1-carboxylate"""	exact_name	medium	Fluorine-containing FDA-approved small-molecule drugs in 2025: significance, synthetic insights, and therapeutic applications		PMC12983373	https://europepmc.org/article/PMC/PMC12983373	Mishra S, Jadala C, Cardoza S, Potuganti G, Velma G.	RSC Adv	
WX604185	CC(C)(C)OC(=O)N1CCC(N)CC1	1268291	LZRDHSFPLUWYAX-UHFFFAOYSA-N	tert-butyl 4-aminopiperidine-1-carboxylate		5	paper	Europe PMC	"""tert-butyl 4-aminopiperidine-1-carboxylate"""	exact_name	medium	Evaluation of the Therapeutic Potential of Sulfonyl Urea Derivatives as Soluble Epoxide Hydrolase (sEH) Inhibitors.	2024	38998987	https://doi.org/10.3390/molecules29133036	Kundu B, Dvorácskó S, Basu A, Pommerolle L, Kim KA, Wood CM, Gibbs E, Behee M, Tarasova NI, Cinar R, Iyer MR.	Molecules	
WX604185	CC(C)(C)OC(=O)N1CCC(N)CC1	1268291	LZRDHSFPLUWYAX-UHFFFAOYSA-N	tert-butyl 4-aminopiperidine-1-carboxylate		5	paper	Europe PMC	"""tert-butyl 4-aminopiperidine-1-carboxylate"""	exact_name	medium	Structure-Based Optimization of Pyrazinamide-Containing Macrocyclic Derivatives as Fms-like Tyrosine Kinase 3 (FLT3) Inhibitors to Overcome Clinical Mutations.	2024	38751627	https://doi.org/10.1021/acsptsci.4c00071	Zheng X, Chen Z, Guo M, Liang H, Song X, Liu Y, Liao Z, Zhang Y, Guo J, Zhou Y, Zhang ZM, Tu Z, Zhang Y, Chen Y, Zhang Z, Lu X.	ACS Pharmacol Transl Sci	
WX604185	CC(C)(C)OC(=O)N1CCC(N)CC1	1268291	LZRDHSFPLUWYAX-UHFFFAOYSA-N	tert-butyl 4-aminopiperidine-1-carboxylate		5	paper	Europe PMC	"""tert-butyl 4-aminopiperidine-1-carboxylate"""	exact_name	medium	Indole-2-carboxamides Optimization for Antiplasmodial Activity.	2025	41112202	https://doi.org/10.1021/acsbiomedchemau.5c00058	Kumar M, Ahmad A, Aguiar ACC, Maluf SEC, Shamim A, Ferrer M, Souza GE, Gazarini ML, Pereira DB, von Geldern TW, Baud D, Jones B, Mondal SK, Willis PA, Guido RVC, Dias LC.	ACS Bio Med Chem Au	
WX604185	CC(C)(C)OC(=O)N1CCC(N)CC1	1268291	LZRDHSFPLUWYAX-UHFFFAOYSA-N	tert-butyl 4-aminopiperidine-1-carboxylate		5	paper	Europe PMC	"""tert-butyl 4-aminopiperidine-1-carboxylate"""	exact_name	medium	Targeting KRAS&lt;sup&gt;G13C&lt;/sup&gt; with cyclic linker based inhibitors to explore warhead orientation.	2025	41174214	https://doi.org/10.1038/s41598-025-22145-5	Kirschner T, Rodriguez J, Moreira EG, Niggenaber J, Warmuth JD, Verli H, Müller MP, Rauh D.	Sci Rep	
WX604560	CC1(N)CCN(C(=O)OC(C)(C)C)CC1	11310432	DMBKWEHXTOCLTC-UHFFFAOYSA-N	tert-butyl 4-amino-4-methylpiperidine-1-carboxylate		0												
WX100330	CC(C)(C)OC(=O)N1CCC2(CC(N)C2)C1	56962195	TWNDWKDXPSDFLL-UHFFFAOYSA-N	tert-butyl 2-amino-6-azaspiro[3.4]octane-6-carboxylate		0												
WX601547	CC(C)(C)OC(=O)NC12CCC(N)(CC1)CC2	91800899	GRVKFPSOHUZDAY-UHFFFAOYSA-N	tert-butyl N-(4-amino-1-bicyclo[2.2.2]octanyl)carbamate		0												
WX603191	NCc1ccc(OCC(F)(F)F)nc1	16789486	ZZQBFHLZCABDRY-UHFFFAOYSA-N	[6-(2,2,2-trifluoroethoxy)-3-pyridinyl]methanamine		0												
WX100056	CC(C)(C)OC(=O)N1CCC2(CC1)CC(N)CO2	46835582	GBLUNQGZHFQTPW-UHFFFAOYSA-N	tert-butyl 3-amino-1-oxa-8-azaspiro[4.5]decane-8-carboxylate		0												
WX110058	CC(C)(C)OC(=O)N1C[C@H]2CCC[C@@H](N)[C@H]2C1	71306000	IKTNEZKFSOMQJI-OUAUKWLOSA-N	tert-butyl (3aR,4R,7aS)-4-amino-1,3,3a,4,5,6,7,7a-octahydroisoindole-2-carboxylate		0												
WX601253	CC(C)(C)OC(=O)N1C[C@H](F)C[C@H]1CN	72207990	DADYKTRZKFJROI-SFYZADRCSA-N	tert-butyl (2S,4R)-2-(aminomethyl)-4-fluoropyrrolidine-1-carboxylate		0												
WX600105	CC(C)(C)OC(=O)N1CC(O)(CCN)C1	71306096	QSXRCDIVJJJTIH-UHFFFAOYSA-N	tert-butyl 3-(2-aminoethyl)-3-hydroxyazetidine-1-carboxylate		0												
WX600114	CC(C)(N)Cc1ccc2ccccc2c1	15369616	MUSKTCTZFQZRIL-UHFFFAOYSA-N	2-methyl-1-naphthalen-2-ylpropan-2-amine		0												
WX619947	N=C(N)c1cccc(Cl)c1Cl	18544327	AJVCKUGPVGPLRM-UHFFFAOYSA-N	2,3-dichlorobenzenecarboximidamide		0												
WX604746	CC(C)(C)OC(=O)N[C@H]1COC[C@H]1N	90436776	HWYDCYLRWDJCCH-RQJHMYQMSA-N	tert-butyl N-[(3R,4S)-4-aminooxolan-3-yl]carbamate		0												
WX100128	CC(C)(C)OC(=O)N1CCC2(CC1)CC2CN	45791314	KUFZKQLFEAITSM-UHFFFAOYSA-N	tert-butyl 2-(aminomethyl)-6-azaspiro[2.5]octane-6-carboxylate		0												
WX603129	NCc1ccc(Br)cn1	49761678	AUIXMWKVLPXKGC-UHFFFAOYSA-N	(5-bromo-2-pyridinyl)methanamine		0												
WX603166	CC(C)(C)OC(=O)Nc1cccc(CN)c1	2756481	NXQNEOIMZVWHQW-UHFFFAOYSA-N	tert-butyl N-[3-(aminomethyl)phenyl]carbamate		0												
WX120552	CC(C)(C)OC(=O)N1C[C@H]2COC[C@@H](C1)[C@@H]2N	97112129	QYBPHULJRAEWEO-ULKQDVFKSA-N	tert-butyl (1S,5R)-9-amino-3-oxa-7-azabicyclo[3.3.1]nonane-7-carboxylate		0												
WX110049	CC(C)(C)OC(=O)N1C[C@H]2C[C@H](N)C[C@H]2C1	58147576	DPYIUHWPQGIBSS-ULKQDVFKSA-N	tert-butyl (3aR,6aS)-5-amino-3,3a,4,5,6,6a-hexahydro-1H-cyclopenta[c]pyrrole-2-carboxylate		0												
WX601310	CC(C)(C)OC(=O)N1C[C@H](CN)[C@H](O)C1	59254357	AHJZEZIYOBGVSK-JGVFFNPUSA-N	tert-butyl (3S,4S)-3-(aminomethyl)-4-hydroxypyrrolidine-1-carboxylate		0												
WX110057	CC(C)(C)OC(=O)N1C[C@H]2CCC[C@H](N)[C@H]2C1	71306004	IKTNEZKFSOMQJI-VWYCJHECSA-N	tert-butyl (3aR,4S,7aS)-4-amino-1,3,3a,4,5,6,7,7a-octahydroisoindole-2-carboxylate		0												
WX110754	CC(C)(C)OC(=O)N1CC[C@H]2OCCC[C@@]2(CN)C1	124518787	UUOBDYOZHPKZNH-BXUZGUMPSA-N	tert-butyl (4aR,8aR)-4a-(aminomethyl)-3,4,5,7,8,8a-hexahydro-2H-pyrano[3,2-c]pyridine-6-carboxylate		0												
WX600333	CC(C)(CN)NC(=O)OC(C)(C)C	45072480	VFEPPZUGBHOHKH-UHFFFAOYSA-N	tert-butyl N-(1-amino-2-methylpropan-2-yl)carbamate		0												
WX604498	CC(C)(C)OC(=O)N1CCC(N)(CO)CC1	22975819	MQYPVGMYPYZMHJ-UHFFFAOYSA-N	tert-butyl 4-amino-4-(hydroxymethyl)piperidine-1-carboxylate		0												
WX110060	CC(C)(C)OC(=O)N1C[C@H]2CCC[C@@H](CN)[C@H]2C1	71305902	ATFHYPICLWVHFR-QJPTWQEYSA-N	tert-butyl (3aR,4R,7aS)-4-(aminomethyl)-1,3,3a,4,5,6,7,7a-octahydroisoindole-2-carboxylate		0												
WX110545	CC(C)(C)OC(=O)N1C[C@H]2CC(CN)O[C@H]2C1	45489930	VKZFHDQGLQGCGB-FIBVVXLUSA-N	tert-butyl (3aR,6aR)-2-(aminomethyl)-2,3,3a,4,6,6a-hexahydrofuro[2,3-c]pyrrole-5-carboxylate		0												
WX601408	C[C@H]1CC[C@H](N)CN1C(=O)OCc1ccccc1	95171263	MWKAMUJIXBCKIH-AAEUAGOBSA-N	benzyl (2S,5S)-5-amino-2-methylpiperidine-1-carboxylate		0												
WX141616_AK0010ZZ0000	NC1CCc2onc(C(=O)NCc3ccco3)c2C1	155873149	RUPVNBMYEMBMAR-UHFFFAOYSA-N	5-amino-N-(furan-2-ylmethyl)-4,5,6,7-tetrahydro-1,2-benzoxazole-3-carboxamide		0												
WX601400	C[C@@H]1CCN(C(=O)OCc2ccccc2)C[C@H]1N	59382836	SRPCZFCRBYSYDY-DGCLKSJQSA-N	benzyl (3S,4R)-3-amino-4-methylpiperidine-1-carboxylate		0												
WX111673	CC(C)(C)OC(=O)N1C[C@@H]2CCC[C@]2(CN)C1	66703911	LHUHSZDKNVVQSN-GWCFXTLKSA-N	tert-butyl (3aS,6aR)-3a-(aminomethyl)-1,3,4,5,6,6a-hexahydrocyclopenta[c]pyrrole-2-carboxylate		0												
WX601288	CC(C)(C)OC(=O)N1CCCCC(O)(CN)C1	82664679	GOTNKKDJDLFKAL-UHFFFAOYSA-N	tert-butyl 3-(aminomethyl)-3-hydroxyazepane-1-carboxylate		0												
WX604015	CC(C)(C)OC(=O)N1CCN(S(=O)(=O)CCN)CC1	17998886	FQXGBCXLSTWQHQ-UHFFFAOYSA-N	tert-butyl 4-(2-aminoethylsulfonyl)piperazine-1-carboxylate		0												
WX170041	CC(C)(C)OC(=O)N1CCC(N2CCC(N)CC2)CC1	53415311	AHAQZBVUGZUUMB-UHFFFAOYSA-N	tert-butyl 4-(4-aminopiperidin-1-yl)piperidine-1-carboxylate		0												
WX601284	CC(C)(C)OC(=O)N1CCCCC(F)(CN)C1	84031148	SBCDJBJDFDHWKQ-UHFFFAOYSA-N	tert-butyl 3-(aminomethyl)-3-fluoroazepane-1-carboxylate		0												
WX601108	CC(C)(C)OC(=O)N1CC(F)(F)C[C@H]1CN	72207733	MHRFRDWLNRHXMY-ZETCQYMHSA-N	tert-butyl (2S)-2-(aminomethyl)-4,4-difluoropyrrolidine-1-carboxylate		0												
WX604420	COC(=O)c1ccc(C2(N)CC2)cc1	45140209	JUMQWXLIAYMPHT-UHFFFAOYSA-N	methyl 4-(1-aminocyclopropyl)benzoate		1	paper	Europe PMC	"""methyl 4-(1-aminocyclopropyl)benzoate"""	exact_name	medium	Discovery of Novel, Selective Prostaglandin EP4 Receptor Antagonists with Efficacy in Cancer Models.	2023	37312837	https://doi.org/10.1021/acsmedchemlett.2c00495	Das D, Qiao D, Liu Z, Xie L, Li Y, Wang J, Jia J, Cao Y, Hong J.	ACS Med Chem Lett	
WX601231	CC1(N)CCCN(C(=O)OC(C)(C)C)CC1	83487056	PSAWVQOJMPWLAJ-UHFFFAOYSA-N	tert-butyl 4-amino-4-methylazepane-1-carboxylate		0												
WX100188	CC(C)(C)OC(=O)N1CC2(COC(CN)C2)C1	71305965	IXCHOXSIUCWEJS-UHFFFAOYSA-N	tert-butyl 7-(aminomethyl)-6-oxa-2-azaspiro[3.4]octane-2-carboxylate		0												
WX601070	CC1(N)CCN(C(=O)OC(C)(C)C)C1	57415917	KYRWEDDXBNZACB-UHFFFAOYSA-N	tert-butyl 3-amino-3-methylpyrrolidine-1-carboxylate		1	paper	Europe PMC	"""tert-butyl 3-amino-3-methylpyrrolidine-1-carboxylate"""	exact_name	medium	Treatment-Induced Tumor Dormancy through YAP-Mediated Transcriptional Reprogramming of the Apoptotic Pathway.	2020	31935369	https://doi.org/10.1016/j.ccell.2019.12.006	Kurppa KJ, Liu Y, To C, Zhang T, Fan M, Vajdi A, Knelson EH, Xie Y, Lim K, Cejas P, Portell A, Lizotte PH, Ficarro SB, Li S, Chen T, Chen T, Haikala HM, Wang H, Bahcall M, Gao Y, Shalhout S, Boettcher S, Shin BH, Thai T, Wilkens MK, Tillgren ML, Mushajiang M, Xu M, Choi J, Bertram AA, Ebert BL, Beroukhim R, Bandopadhayay P, Awad MM, Gokhale PC, Kirschmeier PT, Marto JA, Camargo FD, Haq R, Paweletz CP, Wong KK, Barbie DA, Long HW, Gray NS, Jänne PA.	Cancer Cell	
WX690071	N=C(N)c1ccc(Br)cc1	4436571	JODFDXUBCBQKNC-UHFFFAOYSA-N	4-bromobenzenecarboximidamide		0												
WX120124	CC(C)(C)OC(=O)N1C2COCC1CC(N)C2	18507041	PEAPNBGPRYMRNJ-UHFFFAOYSA-N	tert-butyl 7-amino-3-oxa-9-azabicyclo[3.3.1]nonane-9-carboxylate		0												
WX665196	CC(C)C[C@H](N)C(=O)OCc1ccccc1	6451313	MBRRYUQWSOODEO-LBPRGKRZSA-N	benzyl (2S)-2-amino-4-methylpentanoate		0												
WX600138	CC(C)(C)OC(=O)N1CC(O)(CN)C1	57415900	NVEHYSKQUSAZBP-UHFFFAOYSA-N	tert-butyl 3-(aminomethyl)-3-hydroxyazetidine-1-carboxylate		0												
WX604022	CC(C)(C)OC(=O)N1CCC(CCN)CC1	1514258	LBQDLHPFISVBRU-UHFFFAOYSA-N	tert-butyl 4-(2-aminoethyl)piperidine-1-carboxylate		4	paper	Europe PMC	"""tert-butyl 4-(2-aminoethyl)piperidine-1-carboxylate"""	exact_name	medium	Design and Synthesis of Nonpeptide Inhibitors of Hepatocyte Growth Factor Activation.	2016	26985294	https://doi.org/10.1021/acsmedchemlett.5b00357	Venukadasula PK, Owusu BY, Bansal N, Ross LJ, Hobrath JV, Bao D, Truss JW, Stackhouse M, Messick TE, Klampfer L, Galemmo RA.	ACS Med Chem Lett	
WX604022	CC(C)(C)OC(=O)N1CCC(CCN)CC1	1514258	LBQDLHPFISVBRU-UHFFFAOYSA-N	tert-butyl 4-(2-aminoethyl)piperidine-1-carboxylate		4	paper	Europe PMC	"""tert-butyl 4-(2-aminoethyl)piperidine-1-carboxylate"""	exact_name	medium	Discovery and In Vivo Efficacy of Trace Amine-Associated Receptor 1 (TAAR1) Agonist 4-(2-Aminoethyl)-<i>N</i>-(3,5-dimethylphenyl)piperidine-1-carboxamide Hydrochloride (AP163) for the Treatment of Psychotic Disorders.	2022	36232878	https://doi.org/10.3390/ijms231911579	Krasavin M, Peshkov AA, Lukin A, Komarova K, Vinogradova L, Smirnova D, Kanov EV, Kuvarzin SR, Murtazina RZ, Efimova EV, Gureev M, Onokhin K, Zakharov K, Gainetdinov RR.	Int J Mol Sci	
WX604022	CC(C)(C)OC(=O)N1CCC(CCN)CC1	1514258	LBQDLHPFISVBRU-UHFFFAOYSA-N	tert-butyl 4-(2-aminoethyl)piperidine-1-carboxylate		4	paper	Europe PMC	"""tert-butyl 4-(2-aminoethyl)piperidine-1-carboxylate"""	exact_name	medium	Systematic Design of Adenosine Analogs as Inhibitors of a <i>Clostridioides difficile-</i>Specific DNA Adenine Methyltransferase Required for Normal Sporulation and Persistence.	2023	36581322	https://doi.org/10.1021/acs.jmedchem.2c01789	Zhou J, Horton JR, Menna M, Fiorentino F, Ren R, Yu D, Hajian T, Vedadi M, Mazzoccanti G, Ciogli A, Weinhold E, Hüben M, Blumenthal RM, Zhang X, Mai A, Rotili D, Cheng X.	J Med Chem	
WX604022	CC(C)(C)OC(=O)N1CCC(CCN)CC1	1514258	LBQDLHPFISVBRU-UHFFFAOYSA-N	tert-butyl 4-(2-aminoethyl)piperidine-1-carboxylate		4	paper	Europe PMC	"""tert-butyl 4-(2-aminoethyl)piperidine-1-carboxylate"""	exact_name	medium	Small molecule protein assembly modulators with pan-cancer therapeutic efficacy.	2024	39689856	https://doi.org/10.1098/rsob.240210	Lingappa AF, Akintunde O, Samueli E, Ewald C, Michon M, Ziari N, Lu M, Yu SF, Froehlich M, Le PU, Fernandez Y, Mallesh S, Lin J, Kitaygorodskyy A, Solas D, Reed JC, Lingappa JR, Müller-Schiffmann A, Korth C, Prasad D, Nalca A, Aston E, Fabbri B, Anand SK, Campi TW, Petrouski E, Dey D, Andrews DW, Rubenstein JL, Lingappa VR.	Open Biol	
WX600190	Cc1cccc(C)c1OC[C@H](C)N	185376	VLPIATFUUWWMKC-JTQLQIEISA-N	(2S)-1-(2,6-dimethylphenoxy)propan-2-amine		0												
WX601268	CC(C)(C)OC(=O)N1CCCC(O)(CN)CC1	56698914	IXTYMZYBENRBEC-UHFFFAOYSA-N	tert-butyl 4-(aminomethyl)-4-hydroxyazepane-1-carboxylate		0												
WX665178	CC(C)CCNC(=O)[C@@H](N)CC(C)C	10917115	HCDLAJHOIWLVLK-JTQLQIEISA-N	(2S)-2-amino-4-methyl-N-(3-methylbutyl)pentanamide		0												
WX100320	CC(C)(C)OC(=O)N1CC2(CC(N)C2)C1	46930560	WJDUCDSPGKNBBW-UHFFFAOYSA-N	tert-butyl 6-amino-2-azaspiro[3.3]heptane-2-carboxylate		1	paper	Europe PMC	"""tert-butyl 6-amino-2-azaspiro[3.3]heptane-2-carboxylate"""	exact_name	medium	Novel 3-Aminothieno[2,3-<i>b</i>]pyridine-2-carboxamides with Activity against <i>Mycobacterium tuberculosis</i>.	2025	39967629	https://doi.org/10.1021/acsmedchemlett.4c00472	Lynde BE, Chemaly DM, Baldin VP, Greve E, Harding CL, Graner JM, Hardy M, Chowdhury S, Parish T.	ACS Med Chem Lett	
WX120289	CC(C)(C)OC(=O)N1CC2CCC(C1)C2N	71305265	HLEQZRPOOJVDHJ-UHFFFAOYSA-N	tert-butyl 8-amino-3-azabicyclo[3.2.1]octane-3-carboxylate		0												
WX141616_AK0092ZZ0000	NC1CCc2onc(C(=O)NCC3CC3)c2C1	155879227	YLSQBJOEBHSVSU-UHFFFAOYSA-N	5-amino-N-(cyclopropylmethyl)-4,5,6,7-tetrahydro-1,2-benzoxazole-3-carboxamide		0												
WX604577	CC(C)(C)OC(=O)NC1CC(N)C1	16228707	OPDOEOOBYOABCJ-UHFFFAOYSA-N	tert-butyl N-(3-aminocyclobutyl)carbamate		0												
WX665181	COC(=O)[C@@H](N)C(C)(C)NC(=O)OC(C)(C)C	45382265	UTWVEOUYCGZORL-SSDOTTSWSA-N	methyl (2S)-2-amino-3-methyl-3-[(2-methylpropan-2-yl)oxycarbonylamino]butanoate		0												
WX102165	CC(C)(C)OC(=O)N1CC[C@@]2(C1)OCC[C@H]2N	124556030	BYWZUQBXSAUYII-SKDRFNHKSA-N	tert-butyl (4R,5S)-4-amino-1-oxa-7-azaspiro[4.4]nonane-7-carboxylate		0												
WX111732	CC(C)(C)OC(=O)N1CCO[C@H]2[C@@H](N)CC[C@@H]21	124247012	YBKQTUGFQHAILU-GUBZILKMSA-N	tert-butyl (4aS,7S,7aS)-7-amino-3,4a,5,6,7,7a-hexahydro-2H-cyclopenta[b][1,4]oxazine-4-carboxylate		0												
WX602205	NCC(=O)c1cccc(Br)c1	409750	LXFGLRAUAQVJCL-UHFFFAOYSA-N	2-amino-1-(3-bromophenyl)ethanone		0												
WX102156	CC(C)(C)OC(=O)N1CCO[C@]2(CCCC[C@H]2N)C1	124244123	UVNQOHDCZZUHKK-BXUZGUMPSA-N	tert-butyl (6R,11R)-11-amino-1-oxa-4-azaspiro[5.5]undecane-4-carboxylate		0												
WX141616_AK0003ZZ0000	NC1CCc2onc(C(=O)NC3CCCC3)c2C1	155880087	IXFZZNWFMLUYJT-UHFFFAOYSA-N	5-amino-N-cyclopentyl-4,5,6,7-tetrahydro-1,2-benzoxazole-3-carboxamide		0												
WX111177	CC(C)(C)OC(=O)N1CC[C@H]2CO[C@@H](CN)[C@H]2C1	71305879	HLBMPIBPEUZPJQ-DCAQKATOSA-N	tert-butyl (3R,3aR,7aR)-3-(aminomethyl)-3,3a,4,6,7,7a-hexahydro-1H-furo[3,4-c]pyridine-5-carboxylate		0												
WX110030_A010	Cc1ccc(CN2C[C@@H]3C(CN)[C@@H]3C2)s1	97377571	UHTVMCZQSTYLCG-YOGCLGLASA-N	[(1R,5S)-3-[(5-methylthiophen-2-yl)methyl]-3-azabicyclo[3.1.0]hexan-6-yl]methanamine		0												
WX115003	CC(C)(C)OC(=O)N1C[C@@H]2[C@H](N)c3ccccc3[C@@H]2C1	71305261	BSSUBMYYRYHUSD-MELADBBJSA-N	tert-butyl (3aR,4S,8bR)-4-amino-3,3a,4,8b-tetrahydro-1H-indeno[1,2-c]pyrrole-2-carboxylate		0												
WX110030_A139	NCC1[C@H]2CN(CCc3ccccc3)C[C@@H]12	95934190	MTVLERFBUUMJEA-AGUYFDCRSA-N	[(1S,5R)-3-(2-phenylethyl)-3-azabicyclo[3.1.0]hexan-6-yl]methanamine		0												
WX110030_A142	NC[C@@H]1[C@H]2CN(Cc3ccc(Cl)c(F)c3)C[C@@H]12	97377578	FAAZCSOJONMFIE-FGWVZKOKSA-N	[(1R,5S)-3-[(4-chloro-3-fluorophenyl)methyl]-3-azabicyclo[3.1.0]hexan-6-yl]methanamine		0												
WX110030_A013	NC[C@H]1[C@H]2CN(Cc3ccccc3)C[C@@H]12	11672888	UNLBCCJUBAVNHR-YHWZYXNKSA-N	[(1R,5S)-3-benzyl-3-azabicyclo[3.1.0]hexan-6-yl]methanamine		0												
WX110030_A172	NC[C@@H]1[C@H]2CN(Cc3cccc(Cl)c3)C[C@@H]12	97377580	DADZZUVKEHQCEL-YHWZYXNKSA-N	[(1S,5R)-3-[(3-chlorophenyl)methyl]-3-azabicyclo[3.1.0]hexan-6-yl]methanamine		0												
WX140263_Y01	NC1CCc2[nH]c(=O)ccc2C1	84618283	IGEZGNFMAXDJNB-UHFFFAOYSA-N	6-amino-5,6,7,8-tetrahydro-1H-quinolin-2-one		0												
WX110030_A021	NC[C@H]1[C@H]2CN(Cc3cccnc3)C[C@@H]12	98815626	WDHCBXZNVPBORX-YOGCLGLASA-N	[(1S,5R)-3-(pyridin-3-ylmethyl)-3-azabicyclo[3.1.0]hexan-6-yl]methanamine		0												
WX100064	CC(C)(C)OC(=O)N1CCC2(CCC(CN)OC2)CC1	56973605	PIQKTGXRLAEQBB-UHFFFAOYSA-N	tert-butyl 3-(aminomethyl)-2-oxa-9-azaspiro[5.5]undecane-9-carboxylate		0												
WX100333	CC(C)(C)OC(=O)N1CCC2(CCC2N)CC1	25212937	FGWHJPYFWUDBIX-UHFFFAOYSA-N	tert-butyl 3-amino-7-azaspiro[3.5]nonane-7-carboxylate		0												
WX101882	CC(C)(C)OC(=O)N1CCC2(CC1)CC(CN)O2	72208172	BXYHKGJGEWCZMB-UHFFFAOYSA-N	tert-butyl 2-(aminomethyl)-1-oxa-7-azaspiro[3.5]nonane-7-carboxylate		0												
WX102155	CC(C)(C)OC(=O)N1CCO[C@]2(CCCC[C@@H]2N)C1	124244124	UVNQOHDCZZUHKK-SMDDNHRTSA-N	tert-butyl (6R,11S)-11-amino-1-oxa-4-azaspiro[5.5]undecane-4-carboxylate		0												
WX110030_A105	NCC1[C@H]2CN(C(=O)Cc3ccc(F)cc3)C[C@@H]12	97377575	BRZYOBACYJLIOT-YHWZYXNKSA-N	1-[(1S,5R)-6-(aminomethyl)-3-azabicyclo[3.1.0]hexan-3-yl]-2-(4-fluorophenyl)ethanone		0												
WX141617_AN0012ZZ0000	NC1CCc2onc(CN3CCOCC3)c2C1	155875759	NPUVSYISYVYMTP-UHFFFAOYSA-N	3-(morpholin-4-ylmethyl)-4,5,6,7-tetrahydro-1,2-benzoxazol-5-amine		0												
WX141769	CC(C)(C)OC(=O)N1Cc2ccnn2CC(CCN)C1	131638101	BVRPPUHRPACTET-UHFFFAOYSA-N	tert-butyl 7-(2-aminoethyl)-4,6,7,8-tetrahydropyrazolo[1,5-a][1,4]diazepine-5-carboxylate		0												
WX604018	CC(C)(C)OC(=O)N1CCN(C(=O)CCN)CC1	28505605	IAVGDVAEJBSATD-UHFFFAOYSA-N	tert-butyl 4-(3-aminopropanoyl)piperazine-1-carboxylate		0												
WX619951	N=C(N)c1ccccc1Cl	2740918	MXVMRHIWTSFDPU-UHFFFAOYSA-N	2-chlorobenzenecarboximidamide		0												
WX140263_Y03	CCn1c2c(ccc1=O)CC(N)CC2	84618285	FAFLLIORHPFYFQ-UHFFFAOYSA-N	6-amino-1-ethyl-5,6,7,8-tetrahydroquinolin-2-one		0												
WX140263_Y20	Cc1nc(Cn2c3c(ccc2=O)CC(N)CC3)cs1	118740753	YJYSIJDOQXUVJM-UHFFFAOYSA-N	6-amino-1-[(2-methyl-1,3-thiazol-4-yl)methyl]-5,6,7,8-tetrahydroquinolin-2-one		0												
WX140263_Y04	CC(C)Cn1c2c(ccc1=O)CC(N)CC2	118738743	GBKGZYCERYCBIP-UHFFFAOYSA-N	6-amino-1-(2-methylpropyl)-5,6,7,8-tetrahydroquinolin-2-one		0												
WUXI_WX190029_Y34Z100A500	NCC1COCc2c(-c3ccc4c(c3)OCO4)nnn2C1	131646245	KFTWBMVMZHDPKV-UHFFFAOYSA-N	[3-(1,3-benzodioxol-5-yl)-4,6,7,8-tetrahydrotriazolo[5,1-c][1,4]oxazepin-7-yl]methanamine		0												
WX140263_Y17	NC1CCc2c(ccc(=O)n2CCn2cccn2)C1	131638213	MLIJLDPITVANGI-UHFFFAOYSA-N	6-amino-1-(2-pyrazol-1-ylethyl)-5,6,7,8-tetrahydroquinolin-2-one		0												
WX140263_Y29	Cc1cccc(Cn2c3c(ccc2=O)CC(N)CC3)n1	121229405	YBTJFWWNBHIMDA-UHFFFAOYSA-N	6-amino-1-[(6-methyl-2-pyridinyl)methyl]-5,6,7,8-tetrahydroquinolin-2-one		0												
WX690170	Cc1ccc(/C(N)=N/O)cc1C				GET JSON failed: https://pubchem.ncbi.nlm.nih.gov/rest/pug/compound/smiles/Cc1ccc%28%2FC%28N%29%3DN%2FO%29cc1C/property/CanonicalSMILES,InChIKey,IUPACName/JSON: HTTP Error 400: PUGREST.BadRequest	0												
WX140263_Y14	NC1CCc2c(ccc(=O)n2CCN2CCOCC2)C1	131638264	RPQICAGBWFYOOJ-UHFFFAOYSA-N	6-amino-1-(2-morpholin-4-ylethyl)-5,6,7,8-tetrahydroquinolin-2-one		0												
WX100106_Y02	CN1C(=O)CCC12CCC(N)CC2	72699010	USEOQORLJURNEF-UHFFFAOYSA-N	8-amino-1-methyl-1-azaspiro[4.5]decan-2-one		0												
WX140514_Y11	NCC1OCCc2cn(CC3CCOCC3)nc21	121229407	MMHVKQOJAXAYNK-UHFFFAOYSA-N	[2-(oxan-4-ylmethyl)-5,7-dihydro-4H-pyrano[3,4-c]pyrazol-7-yl]methanamine		0												
WX110036_DEBOC	CC(=O)N1CC2CC2(N)C1	89795732	ZNGWWFGKSHBIIU-UHFFFAOYSA-N	1-(1-amino-3-azabicyclo[3.1.0]hexan-3-yl)ethanone		0												
WX140514_Y08	CN(C)C(=O)Cn1cc2c(n1)C(CN)OCC2	121229404	HJTNGKUYVQEMEZ-UHFFFAOYSA-N	2-[7-(aminomethyl)-5,7-dihydro-4H-pyrano[3,4-c]pyrazol-2-yl]-N,N-dimethylacetamide		0												
WX140263_Y21	NC1CCc2c(ccc(=O)n2Cc2ccncc2)C1	118738736	PTHKGSSSKLLQEL-UHFFFAOYSA-N	6-amino-1-(pyridin-4-ylmethyl)-5,6,7,8-tetrahydroquinolin-2-one		0												
WX140514_Y09	NCC1OCCc2cn(CC3CC3)nc21	121229560	UJXVKRCRWMWRQB-UHFFFAOYSA-N	[2-(cyclopropylmethyl)-5,7-dihydro-4H-pyrano[3,4-c]pyrazol-7-yl]methanamine		0												
WX140514_Y01	Cn1cc2c(n1)C(CN)OCC2	121229666	RIZLOOCCJBXHAX-UHFFFAOYSA-N	(2-methyl-5,7-dihydro-4H-pyrano[3,4-c]pyrazol-7-yl)methanamine		0												
WX140263_Y19	NC1CCc2c(ccc(=O)n2Cc2cccnc2)C1	131638206	PHCSRLNKBFIGHQ-UHFFFAOYSA-N	6-amino-1-(pyridin-3-ylmethyl)-5,6,7,8-tetrahydroquinolin-2-one		0												
WX190026_Y29	NCC1Cn2nnc(-c3cccnc3)c2CO1	121229563	XPDDWUSBAQEXBS-UHFFFAOYSA-N	(3-pyridin-3-yl-6,7-dihydro-4H-triazolo[5,1-c][1,4]oxazin-6-yl)methanamine		0												
WX140263_Y11	NC1CCc2c(ccc(=O)n2CCN2CCCC2)C1	121229656	RIMMTULTJWUTEG-UHFFFAOYSA-N	6-amino-1-(2-pyrrolidin-1-ylethyl)-5,6,7,8-tetrahydroquinolin-2-one		0												
WX100106_Y09	NC1CCC2(CCC(=O)N2CC2CC2)CC1	97397456	FQCAYIDYQYJEFP-UHFFFAOYSA-N	8-amino-1-(cyclopropylmethyl)-1-azaspiro[4.5]decan-2-one		0												
WX100106_Y16	NC1CCC2(CCC(=O)N2Cc2cccc(F)c2)CC1	97494286	OVBIAZCDZRBMMY-UHFFFAOYSA-N	8-amino-1-[(3-fluorophenyl)methyl]-1-azaspiro[4.5]decan-2-one		0												
WX110030_A525	CC(C)C(=O)N1C[C@@H]2C(CN)[C@@H]2C1	97377583	FNMHSIVIXGOQFM-CBLAIPOGSA-N	1-[(1R,5S)-6-(aminomethyl)-3-azabicyclo[3.1.0]hexan-3-yl]-2-methylpropan-1-one		0												
WX110030_A527	CC(C)(C)C(=O)N1C[C@@H]2C(CN)[C@@H]2C1	97377584	MWZNEGPILIBSRO-CBLAIPOGSA-N	1-[(1R,5S)-6-(aminomethyl)-3-azabicyclo[3.1.0]hexan-3-yl]-2,2-dimethylpropan-1-one		0												
WX609537	Cc1cc(C)cc(OCC(C)N)c1	5305257	DPLCQNGJZJXXPM-UHFFFAOYSA-N	1-(3,5-dimethylphenoxy)propan-2-amine		0												
WX603128	C[C@@H](N)c1cnc2ccccn12	39130384	XVTYDMPYGMBYBD-SSDOTTSWSA-N	(1R)-1-imidazo[1,2-a]pyridin-3-ylethanamine		0												
WX110030_A535	NCC1[C@H]2CN(C(=O)C(F)F)C[C@@H]12	97377585	XDUIWBSALBNKHL-GOHHTPAQSA-N	1-[(1S,5R)-6-(aminomethyl)-3-azabicyclo[3.1.0]hexan-3-yl]-2,2-difluoroethanone		0												
WX601045	CC(C)(C)OC(=O)N1CCOCC(N)C1	44119210	QIAURBVQLIUTQH-UHFFFAOYSA-N	tert-butyl 6-amino-1,4-oxazepane-4-carboxylate		0												
WXFC0035	NCc1ccccc1C(F)F	71306246	KMFXUUBMQYTOGY-UHFFFAOYSA-N	[2-(difluoromethyl)phenyl]methanamine		0												
WX110030_A087	Cc1ccccc1C(=O)N1C[C@@H]2[C@@H](CN)[C@@H]2C1	97377573	ORYNLGHNJVTJLB-YHWZYXNKSA-N	[(1S,5R)-6-(aminomethyl)-3-azabicyclo[3.1.0]hexan-3-yl]-(2-methylphenyl)methanone		0												
WX600067	COC(=O)CCCCCCN	11084159	AZRQWZVPEAHOOA-UHFFFAOYSA-N	methyl 7-aminoheptanoate		5	paper	Europe PMC	"""methyl 7-aminoheptanoate"""	exact_name	medium	Controllable Phase Separation by Boc-Modified Lipophilic Acid as a Multifunctional Extractant.	2015	26627307	https://doi.org/10.1038/srep17509	Tao K, Adler-Abramovich L, Gazit E.	Sci Rep	
WX600067	COC(=O)CCCCCCN	11084159	AZRQWZVPEAHOOA-UHFFFAOYSA-N	methyl 7-aminoheptanoate		5	paper	Europe PMC	"""methyl 7-aminoheptanoate"""	exact_name	medium	First-in-Class Dual Mechanism Ferroptosis-HDAC Inhibitor Hybrids.	2022	36306372	https://doi.org/10.1021/acs.jmedchem.2c01276	Karaj E, Sindi SH, Kuganesan N, Koranne RA, Knoff JR, James AW, Fu Y, Kotsull LN, Pflum MK, Shah Z, Taylor WR, Tillekeratne LMV.	J Med Chem	
WX600067	COC(=O)CCCCCCN	11084159	AZRQWZVPEAHOOA-UHFFFAOYSA-N	methyl 7-aminoheptanoate		5	paper	Europe PMC	"""methyl 7-aminoheptanoate"""	exact_name	medium	Design and Synthesis of Dual-Targeting Inhibitors of sEH and HDAC6 for the Treatment of Neuropathic Pain and Lipopolysaccharide-Induced Mortality.	2024	38236416	https://doi.org/10.1021/acs.jmedchem.3c02006	Chen Y, Sun J, Tong H, Wang J, Cao R, Xu H, Chen L, Morisseau C, Zhang M, Shi Y, Han C, Zhuang J, Jing Y, Liu Z, Hammock BD, Chen G.	J Med Chem	
WX600067	COC(=O)CCCCCCN	11084159	AZRQWZVPEAHOOA-UHFFFAOYSA-N	methyl 7-aminoheptanoate		5	paper	Europe PMC	"""methyl 7-aminoheptanoate"""	exact_name	medium	Design, synthesis and anti-cervical cancer activity of aroylpyrrole-based derivatives as potent histone deacetylase 6 inhibitors.	2025	41356711	https://doi.org/10.1039/d5ra06970j	Wang X, Du L, Xue Y, Su Y, Yuan X, Yang S, Su W, Gou W, Chen X, Zong L.	RSC Adv	
WX600067	COC(=O)CCCCCCN	11084159	AZRQWZVPEAHOOA-UHFFFAOYSA-N	methyl 7-aminoheptanoate		5	paper	Europe PMC	"""methyl 7-aminoheptanoate"""	exact_name	medium	Palladium-catalysed synthesis of small-molecule epigenetic inhibitors as anticancer therapeutics.	2026	41693699	https://doi.org/10.1080/14756366.2026.2621477	Sharma R, Rana M, Thakur A, Ojha R, Mousavi SM, Dhingra A, Nepali K.	J Enzyme Inhib Med Chem	
WX601130	CC(C)(C)OC(=O)N1CCCC(CN)CC1	74788437	RBXNJDUXLOZOIR-UHFFFAOYSA-N	tert-butyl 4-(aminomethyl)azepane-1-carboxylate		0												
WX601360	NC[C@@H]1CCC[C@H]1F	97297733	IWXBLMSYJDSAIL-NTSWFWBYSA-N	[(1S,2R)-2-fluorocyclopentyl]methanamine		0												
WX600007	Cc1cc(CC(C)N)on1	46856408	JBKSNFMGMNTTLU-UHFFFAOYSA-N	1-(3-methyl-1,2-oxazol-5-yl)propan-2-amine		0												
WX110030_A170	NC[C@@H]1[C@H]2CN(Cc3ccccc3F)C[C@@H]12	97377579	BPTZIVDEXNNJCR-YOGCLGLASA-N	[(1S,5R)-3-[(2-fluorophenyl)methyl]-3-azabicyclo[3.1.0]hexan-6-yl]methanamine		0												
WX619924	CC(C)OC(=O)C1CCC(N)=N1	71306223	WKBRTHPHNNWKJO-UHFFFAOYSA-N	propan-2-yl 5-amino-3,4-dihydro-2H-pyrrole-2-carboxylate		0												
WX665032	NC(CC(=O)O)C1CCCCC1	2733681	XGRSAFKZAGGXJV-UHFFFAOYSA-N	3-amino-3-cyclohexylpropanoic acid		1	paper	Europe PMC	"""3-amino-3-cyclohexylpropanoic acid"""	exact_name	medium	Direct high-performance liquid chromatographic enantioseparation of apolar beta-amino acids on a quinine-derived chiral anion-exchanger stationary phase.	2002	12061560	https://doi.org/10.1016/s0021-9673(02)00192-9	Péter A.	J Chromatogr A	
WX110030_A524	CCC(=O)N1C[C@@H]2C(CN)[C@@H]2C1	97377582	ZPVJVPKNUJQJCX-IEESLHIDSA-N	1-[(1S,5R)-6-(aminomethyl)-3-azabicyclo[3.1.0]hexan-3-yl]propan-1-one		0												
WUXI01-0823_X20BY262	CN(C)c1cccc(C(=O)N2CCC3(CCC(CN)OC3)CC2)c1	131640802	QGJPNNDHARNWKW-UHFFFAOYSA-N	[3-(aminomethyl)-2-oxa-9-azaspiro[5.5]undecan-9-yl]-[3-(dimethylamino)phenyl]methanone		0												
WX101850	NC1CN(C(=O)OCc2ccccc2)CC12CC2	85809832	HQHBNTVXZGJLAI-UHFFFAOYSA-N	benzyl 7-amino-5-azaspiro[2.4]heptane-5-carboxylate		0												
WX601614	NC[C@]1(O)CCN(C(=O)OCc2ccccc2)C[C@@H]1F	125117327	YGOVYAMIHUJJDA-GXTWGEPZSA-N	benzyl (3S,4R)-4-(aminomethyl)-3-fluoro-4-hydroxypiperidine-1-carboxylate		0												
WX603040	Cc1cccn2c(CN)nnc12	55266771	TVBFJKJFGWEWNN-UHFFFAOYSA-N	(8-methyl-[1,2,4]triazolo[4,3-a]pyridin-3-yl)methanamine		0												
WX110100_A138	CCc1ccc(CN2CC3CC3(N)C2)cc1	131652296	RHCOBWPGWAVOJU-UHFFFAOYSA-N	3-[(4-ethylphenyl)methyl]-3-azabicyclo[3.1.0]hexan-1-amine		0												
WX110100_A142	NC12CC1CN(Cc1ccc(Cl)c(F)c1)C2	131656293	XHWADQIBDOKNPJ-UHFFFAOYSA-N	3-[(4-chloro-3-fluorophenyl)methyl]-3-azabicyclo[3.1.0]hexan-1-amine		0												
WX600316	NC(=O)C1(N)CC1	11708050	JFGXRDGYMLGBBB-UHFFFAOYSA-N	1-aminocyclopropane-1-carboxamide		0												
WX100812	CC(C)(C)OC(=O)N1CC2(C1)C(N)CCS2(=O)=O	72207477	WMBSIHWRPQTLQI-UHFFFAOYSA-N	tert-butyl 8-amino-5,5-dioxo-5lambda6-thia-2-azaspiro[3.4]octane-2-carboxylate		0												
WX600044	NCCN1CCCCO1	13092525	HVDGJEAETHCPMX-UHFFFAOYSA-N	2-(oxazinan-2-yl)ethanamine		0												
RS20010602	COC(=O)CC(N)C(=O)OC	419227	BYHXBBOSJKPUJL-UHFFFAOYSA-N	dimethyl 2-aminobutanedioate		0												
WX690156	COc1cccc(/C(N)=N/O)c1				GET JSON failed: https://pubchem.ncbi.nlm.nih.gov/rest/pug/compound/smiles/COc1cccc%28%2FC%28N%29%3DN%2FO%29c1/property/CanonicalSMILES,InChIKey,IUPACName/JSON: HTTP Error 400: PUGREST.BadRequest	0												
WX610221	NC(CC(=O)O)c1ccc(F)c([N+](=O)[O-])c1	52950301	FQQBZLDKAWFNNG-UHFFFAOYSA-N	3-amino-3-(4-fluoro-3-nitrophenyl)propanoic acid		1	paper	Europe PMC	"""3-amino-3-(4-fluoro-3-nitrophenyl)propanoic acid"""	exact_name	medium	Rapid Discovery of Functional Small Molecule Ligands against Proteomic Targets through Library-Against-Library Screening.	2016	27053324	https://doi.org/10.1021/acscombsci.5b00194	Wu CY, Wang DH, Wang X, Dixon SM, Meng L, Ahadi S, Enter DH, Chen CY, Kato J, Leon LJ, Ramirez LM, Maeda Y, Reis CF, Ribeiro B, Weems B, Kung HJ, Lam KS.	ACS Comb Sci	
WXFC0160	NCC1CC(F)(F)C1	45480376	BUVXADKKXYLSTP-UHFFFAOYSA-N	(3,3-difluorocyclobutyl)methanamine		0												
WX603055	C[C@@H](N)c1ccc(C#N)cc1	30082537	CANLULJYEHSQFU-SSDOTTSWSA-N	4-[(1R)-1-aminoethyl]benzonitrile		0												
WX110100_A133	CCc1cccc(NC(=O)N2CC3CC3(N)C2)c1	131657453	DCBHTHSBIBXWPO-UHFFFAOYSA-N	1-amino-N-(3-ethylphenyl)-3-azabicyclo[3.1.0]hexane-3-carboxamide		0												
WX110030_A565	CCCCNC(=O)N1C[C@@H]2[C@@H](CN)[C@@H]2C1	97377587	AZGYJZMLQIPJSF-PBINXNQUSA-N	(1R,5S)-6-(aminomethyl)-N-butyl-3-azabicyclo[3.1.0]hexane-3-carboxamide		0												
WX110030_A014	Cc1ccc(CN2C[C@@H]3[C@H](CN)[C@@H]3C2)cc1	98815622	AJIBZSLAFUCEHU-AGUYFDCRSA-N	[(1S,5R)-3-[(4-methylphenyl)methyl]-3-azabicyclo[3.1.0]hexan-6-yl]methanamine		0												
WUXI03-05_Y099RZ30	Cc1ccc(C(=O)N2CCC3(CC2)CC(N)CO3)cc1	131653097	GWGKIFOPOZUEJM-UHFFFAOYSA-N	(3-amino-1-oxa-8-azaspiro[4.5]decan-8-yl)-(4-methylphenyl)methanone		0												
WX110030_A550	CN(C)C(=O)N1C[C@@H]2C(CN)[C@@H]2C1	97377586	ZEGKQZVHSOCAIE-IEESLHIDSA-N	(1S,5R)-6-(aminomethyl)-N,N-dimethyl-3-azabicyclo[3.1.0]hexane-3-carboxamide		0												
WX110100_A566	NC12CC1CN(C(=O)NC1CCCCC1)C2	131663350	LDRYVWPNCNQXTA-UHFFFAOYSA-N	1-amino-N-cyclohexyl-3-azabicyclo[3.1.0]hexane-3-carboxamide		0												
WX600172	CC(C)C[C@@H](N)CO	2724002	VPSSPAXIFBTOHY-ZCFIWIBFSA-N	(2R)-2-amino-4-methylpentan-1-ol		0												
WUXI01-0823_X20BY304	CC(C)(C)CC(=O)N1CCC2(CCC(CN)OC2)CC1	131651635	WQXMZXKVUKLTDB-UHFFFAOYSA-N	1-[3-(aminomethyl)-2-oxa-9-azaspiro[5.5]undecan-9-yl]-3,3-dimethylbutan-1-one		0												
WX140514_Y23	NCC1OCCc2cn(Cc3ccccn3)nc21	121229691	ZAGFSHXIRFVVHQ-UHFFFAOYSA-N	[2-(pyridin-2-ylmethyl)-5,7-dihydro-4H-pyrano[3,4-c]pyrazol-7-yl]methanamine		0												
WUXI_WX140514_Y06A500	COCCn1cc2c(n1)C(CN)OCC2	121229519	ZZIHBRQPYJIBCC-UHFFFAOYSA-N	[2-(2-methoxyethyl)-5,7-dihydro-4H-pyrano[3,4-c]pyrazol-7-yl]methanamine		0												
RS20012456	CC(C)(C)OC(=O)NC1CCC(N)CC1	2756050	FEYLUKDSKVSMSZ-UHFFFAOYSA-N	tert-butyl N-(4-aminocyclohexyl)carbamate		2	paper	Europe PMC	"""tert-butyl N-(4-aminocyclohexyl)carbamate"""	exact_name	medium	Identification of GSK3186899/DDD853651 as a Preclinical Development Candidate for the Treatment of Visceral Leishmaniasis.	2019	30570265	https://doi.org/10.1021/acs.jmedchem.8b01218	Thomas MG, De Rycker M, Ajakane M, Albrecht S, Álvarez-Pedraglio AI, Boesche M, Brand S, Campbell L, Cantizani-Perez J, Cleghorn LAT, Copley RCB, Crouch SD, Daugan A, Drewes G, Ferrer S, Ghidelli-Disse S, Gonzalez S, Gresham SL, Hill AP, Hindley SJ, Lowe RM, MacKenzie CJ, MacLean L, Manthri S, Martin F, Miguel-Siles J, Nguyen VL, Norval S, Osuna-Cabello M, Woodland A, Patterson S, Pena I, Quesada-Campos MT, Reid IH, Revill C, Riley J, Ruiz-Gomez JR, Shishikura Y, Simeons FRC, Smith A, Smith VC, Spinks D, Stojanovski L, Thomas J, Thompson S, Underwood T, Gray DW, Fiandor JM, Gilbert IH, Wyatt PG, Read KD, Miles TJ.	J Med Chem	
RS20012456	CC(C)(C)OC(=O)NC1CCC(N)CC1	2756050	FEYLUKDSKVSMSZ-UHFFFAOYSA-N	tert-butyl N-(4-aminocyclohexyl)carbamate		2	paper	Europe PMC	"""tert-butyl N-(4-aminocyclohexyl)carbamate"""	exact_name	medium	Optimization of N-Piperidinyl-Benzimidazolone Derivatives as Potent and Selective Inhibitors of 8-Oxo-Guanine DNA Glycosylase 1.	2023	36128847	https://doi.org/10.1002/cmdc.202200310	Wallner O, Cázares-Körner A, Scaletti ER, Masuyer G, Bekkhus T, Visnes T, Mamonov K, Ortis F, Lundbäck T, Volkova M, Koolmeister T, Wiita E, Loseva O, Pandey M, Homan E, Benítez-Buelga C, Davies J, Scobie M, Warpman Berglund U, Kalderén C, Stenmark P, Helleday T, Michel M.	ChemMedChem	
WX100106_Y14	NC1CCC2(CCC(=O)N2Cc2ccncc2)CC1	97494270	GGYTZYXAQFOOBB-UHFFFAOYSA-N	8-amino-1-(pyridin-4-ylmethyl)-1-azaspiro[4.5]decan-2-one		0												
WUXI01-0823_X15BY326	CC(C)C[C@H](N)C(=O)N1CC2(CCNCC2)c2cc(Cl)ccc21	97448932	OLSKMQFBFJJURO-HNNXBMFYSA-N	(2S)-2-amino-1-(5-chlorospiro[2H-indole-3,4'-piperidine]-1-yl)-4-methylpentan-1-one		0												
WX604202	N[C@@H]1CCNC1=O	21969418	YNDAMDVOGKACTP-GSVOUGTGSA-N	(3R)-3-aminopyrrolidin-2-one		0												
WX110100_A090	NC12CC1CN(C(=O)c1ccccc1F)C2	131663131	HBSPPKJBTPGFPH-UHFFFAOYSA-N	(1-amino-3-azabicyclo[3.1.0]hexan-3-yl)-(2-fluorophenyl)methanone		0												
WX110030_A029	NC[C@H]1[C@H]2CN(c3cc(C(F)(F)F)ncn3)C[C@@H]12	98815628	KMWKYBXSCJGKKD-IEESLHIDSA-N	[(1R,5S)-3-[6-(trifluoromethyl)pyrimidin-4-yl]-3-azabicyclo[3.1.0]hexan-6-yl]methanamine		0												
